"State/UT","Year","Season","Pump Type","Agricultural Demand (%)","Industrial Demand (%)","Domestic Demand (%)","Total Demand (%)","Subsidy Impact Factor","Market Growth Rate (%)","Energy Efficiency Rating"
"Andhra Pradesh","2015","Summer","Submersible","44","28","35","107","17.942205199052","6.3225185455907","4"
"Andhra Pradesh","2015","Summer","Surface Suction","42","33","30","105","18.712699884419","5.7120439066837","4"
"Andhra Pradesh","2015","Summer","Floating","29","44","44","117","13.270035382161","1.0303695030773","4"
"Andhra Pradesh","2015","Monsoon","Submersible","55","27","21","103","13.837903953854","4.9117675570156","1"
"Andhra Pradesh","2015","Monsoon","Surface Suction","45","42","23","110","4.744981749936","2.9523981889556","4"
"Andhra Pradesh","2015","Monsoon","Floating","65","17","26","108","14.418798485043","2.8483647511143","4"
"Andhra Pradesh","2015","Winter","Submersible","21","31","41","93","4.8797928675817","6.8380633285147","1"
"Andhra Pradesh","2015","Winter","Surface Suction","60","17","46","123","8.6878873102086","3.1004704461681","1"
"Andhra Pradesh","2015","Winter","Floating","37","56","52","145","3.9048597559609","5.334712691569","3"
"Andhra Pradesh","2016","Summer","Submersible","13","44","36","93","19.891010215947","3.8196670839457","2"
"Andhra Pradesh","2016","Summer","Surface Suction","62","15","54","131","14.954375477948","6.7184310821437","1"
"Andhra Pradesh","2016","Summer","Floating","58","55","50","163","19.272399541785","6.1180567328042","3"
"Andhra Pradesh","2016","Monsoon","Submersible","30","41","42","113","5.3694971378031","3.9116792456579","2"
"Andhra Pradesh","2016","Monsoon","Surface Suction","34","51","50","135","16.884262814526","6.580101008865","2"
"Andhra Pradesh","2016","Monsoon","Floating","33","59","51","143","13.422870336481","3.151880687777","3"
"Andhra Pradesh","2016","Winter","Submersible","36","51","21","108","6.451015284772","6.092018769548","1"
"Andhra Pradesh","2016","Winter","Surface Suction","52","57","58","167","5.8718368852899","5.8561669328711","3"
"Andhra Pradesh","2016","Winter","Floating","59","34","43","136","18.264811051129","4.0680543931656","1"
"Andhra Pradesh","2017","Summer","Submersible","45","54","39","138","12.999278615555","5.2118012635462","4"
"Andhra Pradesh","2017","Summer","Surface Suction","23","21","42","86","0.55233543747409","4.4731893730454","4"
"Andhra Pradesh","2017","Summer","Floating","32","31","44","107","3.1008323345549","6.8910453298632","2"
"Andhra Pradesh","2017","Monsoon","Submersible","67","31","61","159","16.452011213193","3.1611438484676","4"
"Andhra Pradesh","2017","Monsoon","Surface Suction","46","42","27","115","15.399871061972","2.2949261649811","1"
"Andhra Pradesh","2017","Monsoon","Floating","48","13","25","86","1.0336344233722","4.1881277894089","3"
"Andhra Pradesh","2017","Winter","Submersible","44","49","35","128","19.517041589251","4.0978020898072","2"
"Andhra Pradesh","2017","Winter","Surface Suction","28","26","38","92","8.7794284141127","1.4707382880536","1"
"Andhra Pradesh","2017","Winter","Floating","35","32","28","95","13.769998015307","1.3491615730507","2"
"Andhra Pradesh","2018","Summer","Submersible","10","56","53","119","4.7957471831481","1.5632397404878","1"
"Andhra Pradesh","2018","Summer","Surface Suction","49","54","20","123","19.097305613264","5.4273815001746","3"
"Andhra Pradesh","2018","Summer","Floating","14","31","48","93","8.3920012485558","2.4863859370069","4"
"Andhra Pradesh","2018","Monsoon","Submersible","60","46","41","147","0.28786977259512","1.6964358430415","1"
"Andhra Pradesh","2018","Monsoon","Surface Suction","56","58","49","163","17.10921168022","5.2219471562801","4"
"Andhra Pradesh","2018","Monsoon","Floating","25","35","45","105","9.8323175023366","3.8408306246834","1"
"Andhra Pradesh","2018","Winter","Submersible","39","46","42","127","0.96117848394067","6.6948743895483","4"
"Andhra Pradesh","2018","Winter","Surface Suction","43","40","29","112","12.517198314285","4.0188175514805","1"
"Andhra Pradesh","2018","Winter","Floating","65","14","64","143","3.2586885416286","1.4234124844026","3"
"Andhra Pradesh","2019","Summer","Submersible","11","58","47","116","11.715511625469","6.6413814485497","4"
"Andhra Pradesh","2019","Summer","Surface Suction","21","59","54","134","12.865764368847","3.7495173429491","3"
"Andhra Pradesh","2019","Summer","Floating","52","46","31","129","7.7220527560155","6.7671433829435","2"
"Andhra Pradesh","2019","Monsoon","Submersible","52","53","48","153","1.3872260175033","1.6046680082646","2"
"Andhra Pradesh","2019","Monsoon","Surface Suction","60","59","54","173","6.7310842977745","4.9343358122845","1"
"Andhra Pradesh","2019","Monsoon","Floating","35","19","45","99","6.8124913892848","2.5641671694154","3"
"Andhra Pradesh","2019","Winter","Submersible","13","59","64","136","18.732963037114","1.2351179600539","1"
"Andhra Pradesh","2019","Winter","Surface Suction","30","45","29","104","8.4694188461624","4.4111217024998","3"
"Andhra Pradesh","2019","Winter","Floating","58","44","55","157","7.4403617158557","5.658477764452","4"
"Andhra Pradesh","2020","Summer","Submersible","32","41","56","129","4.7719371958068","5.0790686794015","3"
"Andhra Pradesh","2020","Summer","Surface Suction","34","44","60","138","7.5545777235259","4.2059648411834","4"
"Andhra Pradesh","2020","Summer","Floating","57","34","41","132","5.9527034901862","1.5999093229712","4"
"Andhra Pradesh","2020","Monsoon","Submersible","21","50","38","109","1.8257335357227","2.9158818255425","2"
"Andhra Pradesh","2020","Monsoon","Surface Suction","40","28","35","103","8.9689104395664","2.7592646301884","1"
"Andhra Pradesh","2020","Monsoon","Floating","61","30","55","146","18.923890857634","5.6877763028272","3"
"Andhra Pradesh","2020","Winter","Submersible","54","51","58","163","19.918624840607","1.3352269280641","3"
"Andhra Pradesh","2020","Winter","Surface Suction","32","38","62","132","14.116629677574","6.8119116638448","1"
"Andhra Pradesh","2020","Winter","Floating","19","53","36","108","2.0224535224558","1.50464083669","1"
"Andhra Pradesh","2021","Summer","Submersible","49","51","28","128","16.437201185807","5.237453362939","1"
"Andhra Pradesh","2021","Summer","Surface Suction","38","46","57","141","19.732791570024","3.2456247745367","1"
"Andhra Pradesh","2021","Summer","Floating","31","26","26","83","19.720021276457","5.5202691115536","2"
"Andhra Pradesh","2021","Monsoon","Submersible","69","40","38","147","15.542938318549","4.3504254984148","3"
"Andhra Pradesh","2021","Monsoon","Surface Suction","19","35","38","92","2.223949646123","3.9557506257452","1"
"Andhra Pradesh","2021","Monsoon","Floating","59","37","39","135","2.3763583253614","1.7051574806626","1"
"Andhra Pradesh","2021","Winter","Submersible","48","10","22","80","11.667375301943","6.7730352908473","3"
"Andhra Pradesh","2021","Winter","Surface Suction","69","58","44","171","17.371982563789","2.3415750311167","2"
"Andhra Pradesh","2021","Winter","Floating","67","53","64","184","19.397576534153","1.2589594717035","1"
"Andhra Pradesh","2022","Summer","Submersible","25","30","30","85","18.382314305573","2.5179410079354","3"
"Andhra Pradesh","2022","Summer","Surface Suction","29","27","60","116","4.3361821317298","2.7669636810366","1"
"Andhra Pradesh","2022","Summer","Floating","62","12","35","109","14.74201411686","6.4915260500146","2"
"Andhra Pradesh","2022","Monsoon","Submersible","41","25","27","93","7.8904359721626","1.6405363956153","1"
"Andhra Pradesh","2022","Monsoon","Surface Suction","17","37","55","109","9.2739680987996","3.1201133681563","2"
"Andhra Pradesh","2022","Monsoon","Floating","37","37","56","130","19.487896153323","6.9172644668776","2"
"Andhra Pradesh","2022","Winter","Submersible","26","18","52","96","8.2241344174437","4.6166912921398","4"
"Andhra Pradesh","2022","Winter","Surface Suction","38","22","54","114","16.450744858463","6.6987994797515","4"
"Andhra Pradesh","2022","Winter","Floating","14","56","44","114","8.3648607258124","6.5963709001241","2"
"Andhra Pradesh","2023","Summer","Submersible","68","54","24","146","0.52733948994504","3.2587802012683","1"
"Andhra Pradesh","2023","Summer","Surface Suction","27","41","30","98","11.882614307043","3.2853451397861","2"
"Andhra Pradesh","2023","Summer","Floating","68","36","32","136","1.2702365918","1.2209312058159","3"
"Andhra Pradesh","2023","Monsoon","Submersible","10","30","25","65","13.834287943378","4.2060776501768","1"
"Andhra Pradesh","2023","Monsoon","Surface Suction","47","12","42","101","15.37974830361","6.6685943792946","2"
"Andhra Pradesh","2023","Monsoon","Floating","28","26","40","94","9.0108827062019","1.774956490909","3"
"Andhra Pradesh","2023","Winter","Submersible","54","22","23","99","4.5728561100693","5.0302041064351","4"
"Andhra Pradesh","2023","Winter","Surface Suction","43","37","50","130","2.2711518439926","5.0294391735568","2"
"Andhra Pradesh","2023","Winter","Floating","63","12","31","106","16.327714704261","6.8078425926389","2"
"Andhra Pradesh","2024","Summer","Submersible","39","26","42","107","15.102745113472","4.7218573081208","2"
"Andhra Pradesh","2024","Summer","Surface Suction","20","48","57","125","12.345274241946","6.8827763505543","2"
"Andhra Pradesh","2024","Summer","Floating","43","27","49","119","11.096312170845","1.546012546308","2"
"Andhra Pradesh","2024","Monsoon","Submersible","61","47","52","160","15.673060254823","3.3792566939276","3"
"Andhra Pradesh","2024","Monsoon","Surface Suction","51","26","24","101","15.929435513478","3.756080847677","1"
"Andhra Pradesh","2024","Monsoon","Floating","19","26","39","84","9.1827151247652","6.8801954517129","1"
"Andhra Pradesh","2024","Winter","Submersible","11","22","62","95","11.592998689435","3.0493792627393","3"
"Andhra Pradesh","2024","Winter","Surface Suction","66","32","35","133","3.0380538702459","1.8329630358965","4"
"Andhra Pradesh","2024","Winter","Floating","13","49","23","85","6.9133456664773","6.3807304594361","3"
"Andhra Pradesh","2025","Summer","Submersible","36","38","51","125","3.4463974240326","2.153734112852","3"
"Andhra Pradesh","2025","Summer","Surface Suction","30","14","37","81","5.5718067806392","2.0620629056605","1"
"Andhra Pradesh","2025","Summer","Floating","15","10","24","49","9.2155753606545","2.2380023104348","2"
"Andhra Pradesh","2025","Monsoon","Submersible","58","23","45","126","13.807896572587","1.2358728390466","1"
"Andhra Pradesh","2025","Monsoon","Surface Suction","56","31","49","136","3.1395536543239","3.2637157914524","1"
"Andhra Pradesh","2025","Monsoon","Floating","35","45","20","100","1.6903401536136","4.5836684935326","4"
"Andhra Pradesh","2025","Winter","Submersible","24","56","41","121","4.7223306623481","5.5597324536255","2"
"Andhra Pradesh","2025","Winter","Surface Suction","33","11","64","108","1.2468272502248","1.8864345514374","3"
"Andhra Pradesh","2025","Winter","Floating","16","12","42","70","10.233548842313","4.1926809115919","1"
"Arunachal Pradesh","2015","Summer","Submersible","27","47","54","128","7.9432766500816","1.6292149991949","3"
"Arunachal Pradesh","2015","Summer","Surface Suction","46","37","29","112","11.279301840377","6.0442599152676","2"
"Arunachal Pradesh","2015","Summer","Floating","35","53","44","132","17.810545614798","4.5615547213243","4"
"Arunachal Pradesh","2015","Monsoon","Submersible","19","12","60","91","9.9688439785811","1.5215217285245","3"
"Arunachal Pradesh","2015","Monsoon","Surface Suction","31","43","27","101","11.730708693215","4.3867512551358","2"
"Arunachal Pradesh","2015","Monsoon","Floating","50","46","25","121","17.9929479429","4.6453313337614","3"
"Arunachal Pradesh","2015","Winter","Submersible","65","54","25","144","12.115496387138","2.423360750416","2"
"Arunachal Pradesh","2015","Winter","Surface Suction","30","15","25","70","4.9191545676902","1.9640882395573","3"
"Arunachal Pradesh","2015","Winter","Floating","39","40","43","122","17.935308492528","1.4814024739699","3"
"Arunachal Pradesh","2016","Summer","Submersible","40","49","56","145","19.647572338172","1.6722334130083","2"
"Arunachal Pradesh","2016","Summer","Surface Suction","29","37","30","96","17.31014251788","5.9024324256957","1"
"Arunachal Pradesh","2016","Summer","Floating","39","47","21","107","11.135257860279","4.4296761368194","3"
"Arunachal Pradesh","2016","Monsoon","Submersible","54","53","24","131","3.7408749711505","2.9420754184255","3"
"Arunachal Pradesh","2016","Monsoon","Surface Suction","29","42","39","110","4.8481946483016","1.6890209484352","2"
"Arunachal Pradesh","2016","Monsoon","Floating","23","47","56","126","10.122079127187","6.5920860535416","1"
"Arunachal Pradesh","2016","Winter","Submersible","52","12","52","116","7.3846096301979","3.7256078333146","1"
"Arunachal Pradesh","2016","Winter","Surface Suction","32","19","63","114","4.0346092466047","5.107429287279","4"
"Arunachal Pradesh","2016","Winter","Floating","10","46","28","84","15.204557197794","4.5738324436471","4"
"Arunachal Pradesh","2017","Summer","Submersible","47","44","49","140","2.1339850022687","6.1043647600987","4"
"Arunachal Pradesh","2017","Summer","Surface Suction","53","59","33","145","18.658761341999","6.9455768587443","2"
"Arunachal Pradesh","2017","Summer","Floating","21","44","54","119","18.528988471794","5.3295793045077","4"
"Arunachal Pradesh","2017","Monsoon","Submersible","38","17","30","85","15.905346237198","2.2097639202865","2"
"Arunachal Pradesh","2017","Monsoon","Surface Suction","44","30","56","130","16.291494404628","4.9911833241772","2"
"Arunachal Pradesh","2017","Monsoon","Floating","13","34","64","111","11.766133515901","5.0978923805028","4"
"Arunachal Pradesh","2017","Winter","Submersible","48","49","33","130","17.993348905843","4.744609265091","1"
"Arunachal Pradesh","2017","Winter","Surface Suction","32","24","52","108","4.6442539029363","6.3974474396474","3"
"Arunachal Pradesh","2017","Winter","Floating","11","23","59","93","4.5805078184959","4.2570958636805","2"
"Arunachal Pradesh","2018","Summer","Submersible","15","12","26","53","14.610982736186","5.16230564442","4"
"Arunachal Pradesh","2018","Summer","Surface Suction","24","56","48","128","9.9084725280793","5.4487654668343","3"
"Arunachal Pradesh","2018","Summer","Floating","45","38","57","140","15.048062400776","5.2418827674608","3"
"Arunachal Pradesh","2018","Monsoon","Submersible","64","42","23","129","11.397793697426","5.5747521144441","3"
"Arunachal Pradesh","2018","Monsoon","Surface Suction","19","42","57","118","10.729627029692","3.2729293933415","1"
"Arunachal Pradesh","2018","Monsoon","Floating","33","24","48","105","10.797212742257","3.9181448919736","4"
"Arunachal Pradesh","2018","Winter","Submersible","21","54","21","96","0.24406144636089","4.5906562072314","4"
"Arunachal Pradesh","2018","Winter","Surface Suction","45","35","62","142","11.980587295547","5.9607929668545","2"
"Arunachal Pradesh","2018","Winter","Floating","19","49","57","125","4.5470196605997","3.5415811745229","2"
"Arunachal Pradesh","2019","Summer","Submersible","55","52","31","138","18.237048176859","1.8346971648584","2"
"Arunachal Pradesh","2019","Summer","Surface Suction","34","42","59","135","17.442478178883","6.5927096949017","4"
"Arunachal Pradesh","2019","Summer","Floating","57","13","24","94","18.449987623546","5.2434318058804","2"
"Arunachal Pradesh","2019","Monsoon","Submersible","58","37","50","145","12.134300927657","3.5447840278143","1"
"Arunachal Pradesh","2019","Monsoon","Surface Suction","23","49","60","132","18.511370258136","3.7050362284248","2"
"Arunachal Pradesh","2019","Monsoon","Floating","46","30","45","121","16.777961728919","1.7479760872196","1"
"Arunachal Pradesh","2019","Winter","Submersible","10","49","34","93","7.9800540774026","1.3285698329322","1"
"Arunachal Pradesh","2019","Winter","Surface Suction","19","35","60","114","2.2853460011138","3.4870275052218","2"
"Arunachal Pradesh","2019","Winter","Floating","20","47","21","88","9.3140024463763","3.8850218685344","3"
"Arunachal Pradesh","2020","Summer","Submersible","26","52","63","141","18.254989257583","2.4893586565429","1"
"Arunachal Pradesh","2020","Summer","Surface Suction","16","15","43","74","6.2294634226551","5.6829742452765","3"
"Arunachal Pradesh","2020","Summer","Floating","31","35","47","113","4.2536156868245","4.0910420944409","1"
"Arunachal Pradesh","2020","Monsoon","Submersible","29","50","39","118","8.2924824745405","1.5120980084719","1"
"Arunachal Pradesh","2020","Monsoon","Surface Suction","49","58","26","133","11.907700346401","1.4024588643306","3"
"Arunachal Pradesh","2020","Monsoon","Floating","60","28","51","139","9.3646365688276","4.7498559223063","1"
"Arunachal Pradesh","2020","Winter","Submersible","39","25","59","123","11.749072084681","2.7642680753258","3"
"Arunachal Pradesh","2020","Winter","Surface Suction","56","59","21","136","10.689117825145","3.8865276903255","2"
"Arunachal Pradesh","2020","Winter","Floating","47","13","20","80","6.6872562262096","1.4530201828233","3"
"Arunachal Pradesh","2021","Summer","Submersible","41","19","29","89","17.948608196378","4.1594707999558","1"
"Arunachal Pradesh","2021","Summer","Surface Suction","32","37","51","120","14.319444576948","4.9535436514609","1"
"Arunachal Pradesh","2021","Summer","Floating","66","12","43","121","3.9222619938691","4.0330472746362","4"
"Arunachal Pradesh","2021","Monsoon","Submersible","63","56","56","175","3.5708932410867","4.9164766471112","3"
"Arunachal Pradesh","2021","Monsoon","Surface Suction","17","43","54","114","4.8634438199891","5.333601591134","4"
"Arunachal Pradesh","2021","Monsoon","Floating","55","52","35","142","7.9436705923691","5.0085108194239","1"
"Arunachal Pradesh","2021","Winter","Submersible","23","40","37","100","0.26003847021472","1.5130511851268","3"
"Arunachal Pradesh","2021","Winter","Surface Suction","30","28","38","96","11.660831219394","3.528547303555","2"
"Arunachal Pradesh","2021","Winter","Floating","10","56","24","90","6.8363470339575","2.5565406005878","2"
"Arunachal Pradesh","2022","Summer","Submersible","12","32","31","75","16.613090131305","3.0711528692877","4"
"Arunachal Pradesh","2022","Summer","Surface Suction","39","18","53","110","17.221360399494","2.3170631504858","2"
"Arunachal Pradesh","2022","Summer","Floating","31","53","43","127","2.2847585184079","4.3946597197994","3"
"Arunachal Pradesh","2022","Monsoon","Submersible","55","32","51","138","8.5042700893847","1.1348158499207","2"
"Arunachal Pradesh","2022","Monsoon","Surface Suction","18","49","21","88","12.669564396523","2.5473261125992","2"
"Arunachal Pradesh","2022","Monsoon","Floating","31","52","23","106","2.6455242225066","6.4034338074183","2"
"Arunachal Pradesh","2022","Winter","Submersible","32","46","30","108","16.451677518233","4.1779700719305","2"
"Arunachal Pradesh","2022","Winter","Surface Suction","45","50","57","152","1.3435079983142","3.4314885281661","2"
"Arunachal Pradesh","2022","Winter","Floating","67","21","42","130","2.1315746025735","1.8401112319627","3"
"Arunachal Pradesh","2023","Summer","Submersible","66","40","25","131","14.643691569181","2.5043839633696","1"
"Arunachal Pradesh","2023","Summer","Surface Suction","66","16","29","111","18.288238918499","3.5126231493524","4"
"Arunachal Pradesh","2023","Summer","Floating","67","55","21","143","3.3256673751216","5.4282016985582","3"
"Arunachal Pradesh","2023","Monsoon","Submersible","62","45","45","152","1.3649941070818","6.0224739442182","3"
"Arunachal Pradesh","2023","Monsoon","Surface Suction","45","58","58","161","12.208093340159","6.6958407823466","3"
"Arunachal Pradesh","2023","Monsoon","Floating","56","33","41","130","14.651441944205","2.2896422715445","4"
"Arunachal Pradesh","2023","Winter","Submersible","56","29","38","123","11.901558614005","1.3085548809055","2"
"Arunachal Pradesh","2023","Winter","Surface Suction","68","54","62","184","6.6848778163392","5.6254732224749","1"
"Arunachal Pradesh","2023","Winter","Floating","18","18","59","95","14.563775124072","3.9729478972372","3"
"Arunachal Pradesh","2024","Summer","Submersible","49","51","44","144","4.9280406647821","5.9146139060452","1"
"Arunachal Pradesh","2024","Summer","Surface Suction","53","53","49","155","0.1050763711677","1.6185624760825","1"
"Arunachal Pradesh","2024","Summer","Floating","53","58","36","147","19.004747076416","3.6760346377477","3"
"Arunachal Pradesh","2024","Monsoon","Submersible","21","25","43","89","15.167848278914","4.8336963120056","1"
"Arunachal Pradesh","2024","Monsoon","Surface Suction","32","46","35","113","16.983913031306","2.4980080531551","1"
"Arunachal Pradesh","2024","Monsoon","Floating","21","24","45","90","1.0319161331742","5.0195047873002","4"
"Arunachal Pradesh","2024","Winter","Submersible","19","25","26","70","19.987069991317","4.3348394886231","2"
"Arunachal Pradesh","2024","Winter","Surface Suction","67","16","33","116","2.4104515757293","5.3861420287497","3"
"Arunachal Pradesh","2024","Winter","Floating","57","17","42","116","15.906836759182","5.4703872887213","4"
"Arunachal Pradesh","2025","Summer","Submersible","48","44","37","129","10.448691521423","4.8672799037549","2"
"Arunachal Pradesh","2025","Summer","Surface Suction","40","33","54","127","11.21354388007","3.8863713030645","3"
"Arunachal Pradesh","2025","Summer","Floating","46","52","59","157","8.8206432349632","3.4269126980911","3"
"Arunachal Pradesh","2025","Monsoon","Submersible","24","58","23","105","15.814463296779","2.9125150175924","2"
"Arunachal Pradesh","2025","Monsoon","Surface Suction","42","25","64","131","12.317263763646","2.3977568485218","3"
"Arunachal Pradesh","2025","Monsoon","Floating","44","51","53","148","0.42538821700774","6.2482100361052","1"
"Arunachal Pradesh","2025","Winter","Submersible","27","41","51","119","15.975664715473","6.9876046632","4"
"Arunachal Pradesh","2025","Winter","Surface Suction","38","58","48","144","0.75193546412522","3.878687961139","4"
"Arunachal Pradesh","2025","Winter","Floating","65","53","29","147","1.8339867022286","3.0182227829705","4"
"Assam","2015","Summer","Submersible","14","10","49","73","0.066927240859584","3.8038645992259","4"
"Assam","2015","Summer","Surface Suction","39","59","23","121","14.311066304685","4.5346512068254","4"
"Assam","2015","Summer","Floating","10","55","34","99","8.5554626747172","3.3059598829581","4"
"Assam","2015","Monsoon","Submersible","13","21","56","90","15.726900288311","1.5364660138736","2"
"Assam","2015","Monsoon","Surface Suction","48","55","43","146","9.3480302249974","4.6804683352642","1"
"Assam","2015","Monsoon","Floating","16","13","27","56","18.854635482703","4.8978798939542","1"
"Assam","2015","Winter","Submersible","60","54","29","143","0.93890714295626","3.3045436689475","1"
"Assam","2015","Winter","Surface Suction","58","12","25","95","16.015393742597","4.7786675379769","3"
"Assam","2015","Winter","Floating","58","18","54","130","11.945481448607","4.1501890051616","3"
"Assam","2016","Summer","Submersible","51","44","37","132","13.920412361076","1.9233754380391","4"
"Assam","2016","Summer","Surface Suction","44","47","32","123","4.4763522964525","4.2218465373605","1"
"Assam","2016","Summer","Floating","13","23","56","92","1.8297367479551","6.2647651757823","3"
"Assam","2016","Monsoon","Submersible","68","37","48","153","17.77496159738","6.7339089893785","4"
"Assam","2016","Monsoon","Surface Suction","51","18","34","103","13.10483961278","4.3051442236548","3"
"Assam","2016","Monsoon","Floating","43","33","34","110","0.10164279636052","5.1742857570985","4"
"Assam","2016","Winter","Submersible","35","27","25","87","19.242439451841","1.6568131603267","4"
"Assam","2016","Winter","Surface Suction","14","22","36","72","1.2303405247847","6.2974376148248","2"
"Assam","2016","Winter","Floating","38","12","59","109","13.560323051181","4.3943917839747","1"
"Assam","2017","Summer","Submersible","42","15","43","100","15.948520432139","4.9507110079506","1"
"Assam","2017","Summer","Surface Suction","68","57","60","185","6.6801775749048","2.4321401878061","1"
"Assam","2017","Summer","Floating","51","45","46","142","15.054332791153","1.9516306317584","3"
"Assam","2017","Monsoon","Submersible","54","40","42","136","0.1029034150943","5.9196815044486","1"
"Assam","2017","Monsoon","Surface Suction","39","48","50","137","0.02240222960219","4.3370904102385","1"
"Assam","2017","Monsoon","Floating","38","21","58","117","3.8626572917459","1.5045893468079","3"
"Assam","2017","Winter","Submersible","58","50","36","144","2.3168771356052","3.2601721719208","4"
"Assam","2017","Winter","Surface Suction","33","54","54","141","2.5689743618638","2.7000576895935","3"
"Assam","2017","Winter","Floating","19","50","51","120","16.802430054824","3.3529072686712","3"
"Assam","2018","Summer","Submersible","39","46","48","133","15.776139637415","2.0425208518454","4"
"Assam","2018","Summer","Surface Suction","59","13","46","118","3.3275517386454","5.6259057551928","1"
"Assam","2018","Summer","Floating","19","10","41","70","12.41831035535","1.2744522028751","2"
"Assam","2018","Monsoon","Submersible","23","56","48","127","8.9191661402064","4.8854418604114","4"
"Assam","2018","Monsoon","Surface Suction","21","16","48","85","0.44247103057995","2.9416613148972","3"
"Assam","2018","Monsoon","Floating","41","20","42","103","8.918054127535","2.64175999769","1"
"Assam","2018","Winter","Submersible","13","26","54","93","9.0277404865935","1.98174292715","3"
"Assam","2018","Winter","Surface Suction","38","38","30","106","4.4153922557752","1.4942862736951","2"
"Assam","2018","Winter","Floating","29","31","30","90","5.4651905399642","6.7051813735025","4"
"Assam","2019","Summer","Submersible","65","37","48","150","18.872318403352","3.5183639015567","3"
"Assam","2019","Summer","Surface Suction","29","15","38","82","5.4843040469734","6.903865887759","1"
"Assam","2019","Summer","Floating","67","47","34","148","14.916740240619","2.2021548612923","1"
"Assam","2019","Monsoon","Submersible","34","33","31","98","11.255005726868","3.8291947606151","3"
"Assam","2019","Monsoon","Surface Suction","17","55","44","116","17.372463359112","5.6595811167505","3"
"Assam","2019","Monsoon","Floating","36","55","26","117","12.524406432628","1.7874692660943","1"
"Assam","2019","Winter","Submersible","33","12","39","84","15.930745819524","3.8891341090753","2"
"Assam","2019","Winter","Surface Suction","16","26","63","105","4.9507991120675","4.3504760354992","4"
"Assam","2019","Winter","Floating","66","31","21","118","15.951182012744","2.8621717535414","1"
"Assam","2020","Summer","Submersible","26","17","40","83","1.4489377558912","3.3549613384401","2"
"Assam","2020","Summer","Surface Suction","56","40","57","153","5.8332515741861","5.1698913167593","1"
"Assam","2020","Summer","Floating","69","47","60","176","0.79237650696714","3.883041683547","4"
"Assam","2020","Monsoon","Submersible","50","26","31","107","19.733251865343","1.8549732574091","4"
"Assam","2020","Monsoon","Surface Suction","63","31","47","141","14.049299410882","4.3578921009215","4"
"Assam","2020","Monsoon","Floating","59","42","21","122","10.684844119529","6.2952009149176","2"
"Assam","2020","Winter","Submersible","42","22","45","109","7.9384655240319","1.7962945242584","3"
"Assam","2020","Winter","Surface Suction","35","55","34","124","4.0030048848962","2.0048954935544","1"
"Assam","2020","Winter","Floating","49","20","22","91","17.924426053701","4.5686598242616","1"
"Assam","2021","Summer","Submersible","48","40","51","139","5.9767177267463","6.6112108917968","4"
"Assam","2021","Summer","Surface Suction","59","37","39","135","6.7890038508561","5.8889506824791","3"
"Assam","2021","Summer","Floating","20","29","35","84","10.951847523075","5.903786619775","2"
"Assam","2021","Monsoon","Submersible","12","50","61","123","8.7721443297908","5.3489593592443","4"
"Assam","2021","Monsoon","Surface Suction","32","21","32","85","9.5855785715257","4.6944521316535","3"
"Assam","2021","Monsoon","Floating","64","55","55","174","14.885581311899","6.2309966738387","1"
"Assam","2021","Winter","Submersible","64","41","63","168","11.107271018753","5.3152106696336","2"
"Assam","2021","Winter","Surface Suction","46","41","60","147","9.865536935676","1.4891589373146","3"
"Assam","2021","Winter","Floating","44","38","34","116","5.1536577702243","3.7757377404359","2"
"Assam","2022","Summer","Submersible","30","40","43","113","8.5098666889615","3.0756099552818","4"
"Assam","2022","Summer","Surface Suction","29","33","51","113","11.761167561802","1.176366674539","2"
"Assam","2022","Summer","Floating","45","11","34","90","18.014037280225","3.5303255612407","2"
"Assam","2022","Monsoon","Submersible","60","21","22","103","12.45933167127","4.7893613205551","3"
"Assam","2022","Monsoon","Surface Suction","42","44","45","131","14.316499293642","6.4541951239938","3"
"Assam","2022","Monsoon","Floating","51","53","33","137","19.427901880833","2.0858617162569","1"
"Assam","2022","Winter","Submersible","47","54","60","161","4.9446214880635","6.2244994076351","3"
"Assam","2022","Winter","Surface Suction","23","48","44","115","13.252425580166","1.5715690477278","1"
"Assam","2022","Winter","Floating","68","34","47","149","5.1626686540226","4.9404199872478","3"
"Assam","2023","Summer","Submersible","10","49","31","90","2.617473214367","6.8189262704713","3"
"Assam","2023","Summer","Surface Suction","40","20","29","89","1.4699349466003","2.0185474305252","2"
"Assam","2023","Summer","Floating","38","19","31","88","16.577667317652","3.5853251419708","4"
"Assam","2023","Monsoon","Submersible","17","52","31","100","14.135544337709","2.0022514474057","4"
"Assam","2023","Monsoon","Surface Suction","37","52","56","145","7.1346410608","4.2010715517982","1"
"Assam","2023","Monsoon","Floating","58","53","47","158","17.284323553483","4.3488414975632","3"
"Assam","2023","Winter","Submersible","29","59","33","121","1.1417371217863","4.1870171680062","4"
"Assam","2023","Winter","Surface Suction","35","38","20","93","2.4421982802005","3.7131941697006","1"
"Assam","2023","Winter","Floating","68","14","52","134","10.144696173768","1.2494371543024","2"
"Assam","2024","Summer","Submersible","29","59","43","131","13.71935471966","1.1042787411129","1"
"Assam","2024","Summer","Surface Suction","59","38","58","155","9.0947971126772","4.0935761714755","2"
"Assam","2024","Summer","Floating","32","53","57","142","2.7930250951263","1.1798415392361","1"
"Assam","2024","Monsoon","Submersible","61","25","61","147","14.657978366827","1.9742913679739","1"
"Assam","2024","Monsoon","Surface Suction","10","17","48","75","8.8750043860914","6.208853526265","2"
"Assam","2024","Monsoon","Floating","56","43","20","119","16.762305792962","6.6676853168441","2"
"Assam","2024","Winter","Submersible","39","59","37","135","12.356944804024","6.2134299068723","4"
"Assam","2024","Winter","Surface Suction","58","21","46","125","18.61897391014","5.1371605061894","1"
"Assam","2024","Winter","Floating","10","28","50","88","13.177709404653","3.363186433925","1"
"Assam","2025","Summer","Submersible","50","35","47","132","3.1857489048561","4.6297235361432","3"
"Assam","2025","Summer","Surface Suction","18","42","60","120","19.866738747173","5.5145665756934","1"
"Assam","2025","Summer","Floating","22","40","60","122","2.182192635315","4.9030698867503","2"
"Assam","2025","Monsoon","Submersible","55","13","57","125","8.7634469282398","6.4082538975307","1"
"Assam","2025","Monsoon","Surface Suction","50","32","38","120","17.378012510811","3.2540335112904","2"
"Assam","2025","Monsoon","Floating","63","16","44","123","6.5676245577016","4.7812524899749","2"
"Assam","2025","Winter","Submersible","16","24","40","80","7.608394084656","4.2909983299089","1"
"Assam","2025","Winter","Surface Suction","58","41","54","153","4.545392545263","1.4391755426107","3"
"Assam","2025","Winter","Floating","17","55","33","105","12.389806920192","3.7809642628034","3"
"Bihar","2015","Summer","Submersible","30","35","27","92","10.381635702724","3.8750912657784","1"
"Bihar","2015","Summer","Surface Suction","38","35","44","117","7.6039123757171","3.3929366853814","1"
"Bihar","2015","Summer","Floating","24","53","55","132","12.158101855869","5.5892995692528","2"
"Bihar","2015","Monsoon","Submersible","55","59","63","177","19.110473919099","1.1093954960582","3"
"Bihar","2015","Monsoon","Surface Suction","52","25","34","111","4.869645931526","6.5622072687778","3"
"Bihar","2015","Monsoon","Floating","13","30","32","75","7.0324537447927","1.6085249706953","1"
"Bihar","2015","Winter","Submersible","13","57","46","116","18.59211754844","4.1935612800342","4"
"Bihar","2015","Winter","Surface Suction","25","51","55","131","14.352715718173","3.3994312408249","1"
"Bihar","2015","Winter","Floating","13","35","44","92","10.449620810322","1.739335925033","4"
"Bihar","2016","Summer","Submersible","19","48","32","99","3.6917025907407","2.7716697353219","1"
"Bihar","2016","Summer","Surface Suction","51","51","55","157","8.4905485039272","1.522233775526","2"
"Bihar","2016","Summer","Floating","10","53","64","127","12.66302751188","6.7084200532399","3"
"Bihar","2016","Monsoon","Submersible","31","30","41","102","11.870771382463","5.7624631022831","3"
"Bihar","2016","Monsoon","Surface Suction","19","33","61","113","18.00046246796","3.1205282758163","2"
"Bihar","2016","Monsoon","Floating","36","46","23","105","5.4961207109627","5.9356859110821","4"
"Bihar","2016","Winter","Submersible","48","19","44","111","1.9107062766934","4.7431559480594","1"
"Bihar","2016","Winter","Surface Suction","64","59","24","147","3.3602841548973","5.4212424696651","2"
"Bihar","2016","Winter","Floating","42","30","36","108","3.5689193045554","2.8736307162928","3"
"Bihar","2017","Summer","Submersible","37","16","51","104","12.759215866319","2.5413030858743","1"
"Bihar","2017","Summer","Surface Suction","66","34","21","121","5.4908050800025","4.5822815013742","2"
"Bihar","2017","Summer","Floating","12","51","58","121","14.490337027972","1.0949265505935","4"
"Bihar","2017","Monsoon","Submersible","69","55","38","162","12.064388204267","3.0233627965325","4"
"Bihar","2017","Monsoon","Surface Suction","48","54","55","157","1.7131649919286","6.3651452479847","3"
"Bihar","2017","Monsoon","Floating","18","17","52","87","4.5331280445398","3.1299778349916","4"
"Bihar","2017","Winter","Submersible","22","58","21","101","13.392052322679","1.4195896342566","4"
"Bihar","2017","Winter","Surface Suction","30","17","57","104","11.856239833068","5.0807915866207","4"
"Bihar","2017","Winter","Floating","67","12","41","120","13.389739103964","6.964836167327","2"
"Bihar","2018","Summer","Submersible","47","26","54","127","14.613010204785","3.7912336737023","4"
"Bihar","2018","Summer","Surface Suction","31","53","55","139","19.233314719096","4.8097602735462","3"
"Bihar","2018","Summer","Floating","66","25","61","152","1.9335289929344","3.7022256175491","4"
"Bihar","2018","Monsoon","Submersible","21","26","35","82","13.298234489744","5.7726997647384","4"
"Bihar","2018","Monsoon","Surface Suction","39","54","42","135","7.9863183161862","1.9144960799825","1"
"Bihar","2018","Monsoon","Floating","29","49","63","141","4.8731343212773","5.0293506616782","4"
"Bihar","2018","Winter","Submersible","15","31","37","83","15.758039765845","6.1881171522012","1"
"Bihar","2018","Winter","Surface Suction","25","21","57","103","3.1860804123796","1.3786541984749","4"
"Bihar","2018","Winter","Floating","42","32","64","138","7.2027281494304","1.525856480583","3"
"Bihar","2019","Summer","Submersible","66","18","20","104","6.1104862131605","3.3818891024457","3"
"Bihar","2019","Summer","Surface Suction","35","13","37","85","10.31358855393","6.5163518392865","3"
"Bihar","2019","Summer","Floating","24","31","56","111","7.8208552611635","4.0069179950921","1"
"Bihar","2019","Monsoon","Submersible","51","47","37","135","12.559001055453","5.0458228384543","2"
"Bihar","2019","Monsoon","Surface Suction","39","23","25","87","2.8255609855101","2.2718949454134","2"
"Bihar","2019","Monsoon","Floating","18","24","40","82","0.4578764995224","1.9227468980082","3"
"Bihar","2019","Winter","Submersible","27","23","39","89","11.460828578617","6.5963844428575","2"
"Bihar","2019","Winter","Surface Suction","34","42","55","131","12.127418888668","1.8351881477052","4"
"Bihar","2019","Winter","Floating","63","55","22","140","19.055950552026","5.9512046044934","1"
"Bihar","2020","Summer","Submersible","62","43","27","132","9.5646804609614","4.0366453290805","3"
"Bihar","2020","Summer","Surface Suction","13","54","31","98","19.316443223064","3.5949872699808","1"
"Bihar","2020","Summer","Floating","40","23","39","102","8.7902337726582","1.6339881055705","2"
"Bihar","2020","Monsoon","Submersible","41","38","62","141","12.391759097957","4.9012065543889","3"
"Bihar","2020","Monsoon","Surface Suction","40","14","38","92","3.8356491118372","2.2705321039929","2"
"Bihar","2020","Monsoon","Floating","20","59","50","129","13.900704577171","6.9020735515805","3"
"Bihar","2020","Winter","Submersible","18","44","40","102","2.4276987884486","2.8196508854056","3"
"Bihar","2020","Winter","Surface Suction","16","25","35","76","1.2458359626013","4.0565327688987","3"
"Bihar","2020","Winter","Floating","49","26","56","131","12.30438876462","2.8375217247197","4"
"Bihar","2021","Summer","Submersible","45","47","58","150","14.486349393533","5.7525618025633","3"
"Bihar","2021","Summer","Surface Suction","44","16","46","106","8.2825950505785","5.9652273734012","1"
"Bihar","2021","Summer","Floating","31","14","21","66","2.6760747255898","3.5114837297436","2"
"Bihar","2021","Monsoon","Submersible","24","30","29","83","13.619496544765","2.1381690890481","1"
"Bihar","2021","Monsoon","Surface Suction","10","22","40","72","16.686067319095","4.7757928360644","1"
"Bihar","2021","Monsoon","Floating","27","46","64","137","0.85266418574065","3.2284514059008","1"
"Bihar","2021","Winter","Submersible","69","20","40","129","16.887141654792","1.5884954847055","2"
"Bihar","2021","Winter","Surface Suction","13","43","37","93","9.5203625873753","3.2553297108746","4"
"Bihar","2021","Winter","Floating","38","47","61","146","15.700330876741","6.3525081336414","1"
"Bihar","2022","Summer","Submersible","26","18","60","104","13.762694121731","3.6256187443324","1"
"Bihar","2022","Summer","Surface Suction","42","19","59","120","9.2295492924947","4.8232088608497","2"
"Bihar","2022","Summer","Floating","17","31","27","75","4.5392938873073","6.3363454967731","3"
"Bihar","2022","Monsoon","Submersible","33","54","38","125","2.1138695981255","6.9296516260008","3"
"Bihar","2022","Monsoon","Surface Suction","46","17","32","95","0.7604369647491","5.477243544891","1"
"Bihar","2022","Monsoon","Floating","54","33","54","141","0.24216950469775","6.7390083897969","1"
"Bihar","2022","Winter","Submersible","49","40","55","144","6.994064594917","5.6479211870871","3"
"Bihar","2022","Winter","Surface Suction","60","37","62","159","8.2426186052554","4.2976962623135","2"
"Bihar","2022","Winter","Floating","41","17","29","87","0.41889922061826","1.4930300048586","4"
"Bihar","2023","Summer","Submersible","26","40","27","93","15.384462956763","4.7479814131256","2"
"Bihar","2023","Summer","Surface Suction","24","59","22","105","2.4277283631881","4.6900778082332","2"
"Bihar","2023","Summer","Floating","50","50","44","144","10.606042664983","1.2517073405898","2"
"Bihar","2023","Monsoon","Submersible","19","30","55","104","5.8564407340193","6.8798219761531","2"
"Bihar","2023","Monsoon","Surface Suction","22","41","50","113","10.415362836684","4.6989983613705","2"
"Bihar","2023","Monsoon","Floating","20","19","34","73","2.2161592435961","4.5911894541062","1"
"Bihar","2023","Winter","Submersible","34","49","33","116","8.788099793889","4.6776374949672","2"
"Bihar","2023","Winter","Surface Suction","61","39","39","139","2.4300275260184","2.1848229391596","2"
"Bihar","2023","Winter","Floating","58","30","54","142","13.429098697893","2.9015348640697","3"
"Bihar","2024","Summer","Submersible","58","21","60","139","10.880331583655","4.8164245823789","2"
"Bihar","2024","Summer","Surface Suction","30","17","59","106","11.156264510221","2.0835675890518","4"
"Bihar","2024","Summer","Floating","20","31","41","92","19.69339479049","6.6243283989827","1"
"Bihar","2024","Monsoon","Submersible","22","27","21","70","2.6345754690912","5.3558794599118","3"
"Bihar","2024","Monsoon","Surface Suction","59","40","34","133","10.117053859037","6.0442181680672","1"
"Bihar","2024","Monsoon","Floating","31","52","56","139","11.806953809175","4.0501632814977","3"
"Bihar","2024","Winter","Submersible","63","28","42","133","13.777706041002","6.2399374951648","3"
"Bihar","2024","Winter","Surface Suction","34","46","27","107","9.2311494883958","1.0559897189626","1"
"Bihar","2024","Winter","Floating","53","14","22","89","19.836199026987","1.5950685975233","4"
"Bihar","2025","Summer","Submersible","51","43","62","156","6.2185786001511","5.4540883034351","2"
"Bihar","2025","Summer","Surface Suction","48","36","46","130","13.757682197598","3.251559426656","1"
"Bihar","2025","Summer","Floating","61","45","41","147","16.960955822615","6.0397838816931","4"
"Bihar","2025","Monsoon","Submersible","26","23","33","82","14.990909689378","5.552058340666","4"
"Bihar","2025","Monsoon","Surface Suction","20","25","50","95","6.1120843098043","6.2599045709692","1"
"Bihar","2025","Monsoon","Floating","67","13","23","103","14.441418764055","6.3171746827904","3"
"Bihar","2025","Winter","Submersible","35","46","57","138","8.2524368169725","5.1737088789808","1"
"Bihar","2025","Winter","Surface Suction","19","47","23","89","3.6263855985101","3.3260415685024","1"
"Bihar","2025","Winter","Floating","64","16","23","103","10.202194249977","5.3404285936737","1"
"Chhattisgarh","2015","Summer","Submersible","25","13","43","81","13.529358744527","5.8299339980846","3"
"Chhattisgarh","2015","Summer","Surface Suction","69","28","38","135","1.1710185848796","3.0054299121764","2"
"Chhattisgarh","2015","Summer","Floating","67","47","50","164","16.502613353322","4.1217794615119","1"
"Chhattisgarh","2015","Monsoon","Submersible","45","39","52","136","1.7720085935923","2.3236717162673","3"
"Chhattisgarh","2015","Monsoon","Surface Suction","37","56","30","123","14.672316600846","2.7966610629513","1"
"Chhattisgarh","2015","Monsoon","Floating","26","15","23","64","9.9233276822644","2.0695148014278","3"
"Chhattisgarh","2015","Winter","Submersible","15","56","33","104","14.944391754841","5.4399183201137","2"
"Chhattisgarh","2015","Winter","Surface Suction","25","14","29","68","6.6902257748386","1.1571802511924","1"
"Chhattisgarh","2015","Winter","Floating","39","54","25","118","10.361575324776","2.7923534415326","1"
"Chhattisgarh","2016","Summer","Submersible","28","51","54","133","8.5931362547787","6.2363815029076","1"
"Chhattisgarh","2016","Summer","Surface Suction","46","29","40","115","9.1637377347579","3.8978132325121","2"
"Chhattisgarh","2016","Summer","Floating","35","13","58","106","18.078266605207","6.4563411520504","4"
"Chhattisgarh","2016","Monsoon","Submersible","66","45","25","136","1.1456050215525","2.3513422136109","4"
"Chhattisgarh","2016","Monsoon","Surface Suction","69","40","39","148","13.139103125343","6.7396877265007","2"
"Chhattisgarh","2016","Monsoon","Floating","33","53","61","147","5.643741493864","2.5702341024154","3"
"Chhattisgarh","2016","Winter","Submersible","64","37","33","134","4.9909239969901","2.6316983567718","2"
"Chhattisgarh","2016","Winter","Surface Suction","40","51","44","135","15.534211139104","1.3921969453863","1"
"Chhattisgarh","2016","Winter","Floating","45","52","39","136","12.393988803988","4.3719570848008","1"
"Chhattisgarh","2017","Summer","Submersible","13","59","52","124","15.437154523632","1.5185476645753","3"
"Chhattisgarh","2017","Summer","Surface Suction","27","41","30","98","19.267888684271","4.3610091007711","3"
"Chhattisgarh","2017","Summer","Floating","30","51","45","126","8.3758663814832","2.5609467457723","1"
"Chhattisgarh","2017","Monsoon","Submersible","46","30","37","113","2.8993014475963","5.3509343653067","1"
"Chhattisgarh","2017","Monsoon","Surface Suction","33","58","38","129","6.1739748674639","6.6822159264323","4"
"Chhattisgarh","2017","Monsoon","Floating","66","50","52","168","3.0249365746987","2.3519015797074","2"
"Chhattisgarh","2017","Winter","Submersible","66","16","41","123","11.224455765651","4.1403454682462","1"
"Chhattisgarh","2017","Winter","Surface Suction","43","37","62","142","1.353367238","5.2470105833786","1"
"Chhattisgarh","2017","Winter","Floating","43","15","25","83","16.938374561771","3.5717832818229","1"
"Chhattisgarh","2018","Summer","Submersible","11","31","21","63","1.951250204786","6.1719214504256","3"
"Chhattisgarh","2018","Summer","Surface Suction","48","31","31","110","1.2454621176377","4.075015892622","4"
"Chhattisgarh","2018","Summer","Floating","68","19","54","141","1.0391315510854","5.7176691963042","4"
"Chhattisgarh","2018","Monsoon","Submersible","41","16","40","97","3.2941270686459","2.981290389229","2"
"Chhattisgarh","2018","Monsoon","Surface Suction","61","31","34","126","4.0976254830143","6.2669804689122","2"
"Chhattisgarh","2018","Monsoon","Floating","61","37","33","131","4.7759242276308","3.7074360650859","2"
"Chhattisgarh","2018","Winter","Submersible","37","35","21","93","1.3040918252098","3.783588260874","4"
"Chhattisgarh","2018","Winter","Surface Suction","53","42","61","156","9.9562501606858","1.6328421997398","4"
"Chhattisgarh","2018","Winter","Floating","32","34","62","128","15.512237018507","6.7868599234049","4"
"Chhattisgarh","2019","Summer","Submersible","21","19","27","67","5.7427591616915","5.757126514203","4"
"Chhattisgarh","2019","Summer","Surface Suction","46","30","27","103","15.958283192318","3.3758228359747","4"
"Chhattisgarh","2019","Summer","Floating","55","49","37","141","3.159096456707","5.1753947090128","4"
"Chhattisgarh","2019","Monsoon","Submersible","11","16","35","62","17.143585139975","6.4368595285946","2"
"Chhattisgarh","2019","Monsoon","Surface Suction","52","49","57","158","2.8142305609752","2.2120940104149","4"
"Chhattisgarh","2019","Monsoon","Floating","17","46","51","114","13.085851046499","1.9126256993336","4"
"Chhattisgarh","2019","Winter","Submersible","39","15","38","92","17.648327368147","5.8216212126492","2"
"Chhattisgarh","2019","Winter","Surface Suction","64","25","20","109","8.355219585502","6.904661914219","1"
"Chhattisgarh","2019","Winter","Floating","39","22","53","114","3.3190979059157","6.2915665498279","3"
"Chhattisgarh","2020","Summer","Submersible","68","36","24","128","11.195113672768","4.1643977327361","1"
"Chhattisgarh","2020","Summer","Surface Suction","29","43","45","117","1.5881316928606","5.3889789420422","1"
"Chhattisgarh","2020","Summer","Floating","37","38","28","103","16.381270277233","4.2447625299133","3"
"Chhattisgarh","2020","Monsoon","Submersible","69","53","30","152","18.025920215493","4.9100075122386","1"
"Chhattisgarh","2020","Monsoon","Surface Suction","30","33","53","116","16.385102097429","6.2789314837102","2"
"Chhattisgarh","2020","Monsoon","Floating","35","57","40","132","2.2588641682235","1.523076806991","1"
"Chhattisgarh","2020","Winter","Submersible","30","44","53","127","6.9588282316433","3.7021058734325","2"
"Chhattisgarh","2020","Winter","Surface Suction","20","32","41","93","14.76138246677","5.8371752860227","2"
"Chhattisgarh","2020","Winter","Floating","24","36","54","114","0.62231199834715","5.4357684109886","2"
"Chhattisgarh","2021","Summer","Submersible","11","44","59","114","0.076342682486943","5.0900168944097","2"
"Chhattisgarh","2021","Summer","Surface Suction","18","29","20","67","16.740822504859","2.6756565307265","3"
"Chhattisgarh","2021","Summer","Floating","12","13","44","69","4.3105973758266","3.1622669195821","1"
"Chhattisgarh","2021","Monsoon","Submersible","44","55","33","132","18.072156886936","2.3965788826077","1"
"Chhattisgarh","2021","Monsoon","Surface Suction","44","22","34","100","5.2057371513201","6.443170184235","3"
"Chhattisgarh","2021","Monsoon","Floating","36","32","46","114","7.7951877485298","3.2770174202483","2"
"Chhattisgarh","2021","Winter","Submersible","45","17","54","116","8.2552225853205","5.8141259749556","3"
"Chhattisgarh","2021","Winter","Surface Suction","29","58","44","131","8.4288808315849","1.1630500965451","2"
"Chhattisgarh","2021","Winter","Floating","32","31","38","101","19.455526457842","5.9562343099994","3"
"Chhattisgarh","2022","Summer","Submersible","18","37","39","94","19.635973865213","4.7280669835212","1"
"Chhattisgarh","2022","Summer","Surface Suction","68","28","33","129","4.3688636576661","1.7214833590701","4"
"Chhattisgarh","2022","Summer","Floating","49","26","49","124","0.92247128671468","4.4030246795163","4"
"Chhattisgarh","2022","Monsoon","Submersible","34","23","30","87","1.4848174597677","2.3581089660489","2"
"Chhattisgarh","2022","Monsoon","Surface Suction","39","50","23","112","1.2898254249834","6.2634367429732","2"
"Chhattisgarh","2022","Monsoon","Floating","50","55","41","146","17.846049962793","2.1119810771723","3"
"Chhattisgarh","2022","Winter","Submersible","25","38","49","112","8.5836518679271","2.60666005293","2"
"Chhattisgarh","2022","Winter","Surface Suction","59","30","40","129","1.2728181857328","5.9882410863143","3"
"Chhattisgarh","2022","Winter","Floating","53","42","28","123","18.192536388732","5.0152015776285","1"
"Chhattisgarh","2023","Summer","Submersible","43","33","51","127","11.435447040966","4.1046781105302","3"
"Chhattisgarh","2023","Summer","Surface Suction","49","21","31","101","9.2886647245109","1.8251426489021","3"
"Chhattisgarh","2023","Summer","Floating","35","38","41","114","12.141791574375","4.7878453185519","4"
"Chhattisgarh","2023","Monsoon","Submersible","66","38","23","127","13.528527246768","1.7901606308322","4"
"Chhattisgarh","2023","Monsoon","Surface Suction","31","21","64","116","19.415324129496","2.5760538555919","4"
"Chhattisgarh","2023","Monsoon","Floating","43","36","60","139","10.125321189904","4.804624188258","2"
"Chhattisgarh","2023","Winter","Submersible","31","34","37","102","7.2370618641028","3.8349601300391","2"
"Chhattisgarh","2023","Winter","Surface Suction","36","17","38","91","5.5362861558261","6.8291961454063","1"
"Chhattisgarh","2023","Winter","Floating","54","58","54","166","3.9219542547679","4.6646804264546","1"
"Chhattisgarh","2024","Summer","Submersible","29","58","32","119","10.740149767027","6.124815985903","1"
"Chhattisgarh","2024","Summer","Surface Suction","17","52","39","108","2.1605150826138","3.0331638960325","1"
"Chhattisgarh","2024","Summer","Floating","62","58","61","181","5.8697764641624","6.5905223165969","1"
"Chhattisgarh","2024","Monsoon","Submersible","33","46","60","139","16.364133374965","4.1895967876266","3"
"Chhattisgarh","2024","Monsoon","Surface Suction","48","50","58","156","9.8709316068024","5.21355259619","3"
"Chhattisgarh","2024","Monsoon","Floating","20","22","64","106","7.8915215119529","3.530969071233","4"
"Chhattisgarh","2024","Winter","Submersible","17","17","64","98","12.158104281814","2.8562363071767","1"
"Chhattisgarh","2024","Winter","Surface Suction","35","48","47","130","16.423965651005","1.0093906311488","3"
"Chhattisgarh","2024","Winter","Floating","55","32","49","136","5.1521444066744","1.3571482020866","3"
"Chhattisgarh","2025","Summer","Submersible","29","27","37","93","2.2897527613181","3.3030332982699","3"
"Chhattisgarh","2025","Summer","Surface Suction","45","27","56","128","2.4205000097039","3.5136867411249","4"
"Chhattisgarh","2025","Summer","Floating","58","42","31","131","1.6036002816381","3.1286277510159","3"
"Chhattisgarh","2025","Monsoon","Submersible","11","38","60","109","12.929001802492","6.3282343861607","1"
"Chhattisgarh","2025","Monsoon","Surface Suction","19","23","37","79","2.7774265279303","1.6944256400722","3"
"Chhattisgarh","2025","Monsoon","Floating","37","12","39","88","12.757541853273","5.4458875016475","1"
"Chhattisgarh","2025","Winter","Submersible","47","12","35","94","19.825264534673","5.9200757747161","1"
"Chhattisgarh","2025","Winter","Surface Suction","21","44","62","127","9.7200098759521","4.4631993204073","2"
"Chhattisgarh","2025","Winter","Floating","46","30","50","126","9.3321556939443","5.9003392153513","2"
"Goa","2015","Summer","Submersible","37","30","62","129","8.598621547803","5.0377997343666","3"
"Goa","2015","Summer","Surface Suction","18","47","49","114","8.9283903280316","5.7902820431101","3"
"Goa","2015","Summer","Floating","12","37","63","112","18.332704716824","3.5859113230798","4"
"Goa","2015","Monsoon","Submersible","20","57","51","128","7.4234484687526","4.6064450008014","4"
"Goa","2015","Monsoon","Surface Suction","69","42","43","154","7.4910577404024","2.0011612101925","1"
"Goa","2015","Monsoon","Floating","16","13","56","85","17.801940703676","3.0752647644271","4"
"Goa","2015","Winter","Submersible","28","38","29","95","12.91644772573","4.8214139047285","3"
"Goa","2015","Winter","Surface Suction","56","40","46","142","8.1925778979046","2.8673049703804","2"
"Goa","2015","Winter","Floating","14","17","53","84","16.834467234894","4.4813291127102","2"
"Goa","2016","Summer","Submersible","10","40","23","73","3.3471946627726","6.8321515389795","2"
"Goa","2016","Summer","Surface Suction","65","33","22","120","19.280348142354","3.3052402779148","3"
"Goa","2016","Summer","Floating","55","52","46","153","3.2004987292639","1.1401125779691","3"
"Goa","2016","Monsoon","Submersible","24","39","61","124","18.00166366033","1.6968337612032","2"
"Goa","2016","Monsoon","Surface Suction","69","46","54","169","17.768073446174","4.6176572588768","4"
"Goa","2016","Monsoon","Floating","18","58","48","124","5.7681087563749","6.7668129124456","4"
"Goa","2016","Winter","Submersible","26","54","51","131","6.8077420850901","4.2484456440855","1"
"Goa","2016","Winter","Surface Suction","50","58","32","140","10.8340962482","5.5714108756292","3"
"Goa","2016","Winter","Floating","32","12","61","105","16.536299475928","5.2540823457222","2"
"Goa","2017","Summer","Submersible","58","30","63","151","4.7007442960765","5.9841310631205","4"
"Goa","2017","Summer","Surface Suction","60","10","47","117","11.659688523292","6.9982828249355","1"
"Goa","2017","Summer","Floating","56","43","30","129","4.1461800637512","5.6943299767605","3"
"Goa","2017","Monsoon","Submersible","69","27","59","155","6.516462351289","5.7551283517775","3"
"Goa","2017","Monsoon","Surface Suction","46","48","40","134","2.9596829473167","6.1153466914093","1"
"Goa","2017","Monsoon","Floating","45","28","46","119","18.189092218745","5.3328594127354","1"
"Goa","2017","Winter","Submersible","56","21","40","117","14.91720077254","4.295934876419","1"
"Goa","2017","Winter","Surface Suction","26","29","60","115","17.541811620364","6.6642525629524","1"
"Goa","2017","Winter","Floating","60","28","45","133","19.619747563254","3.9004446158389","4"
"Goa","2018","Summer","Submersible","15","45","57","117","10.448882908109","4.376270194134","3"
"Goa","2018","Summer","Surface Suction","24","36","30","90","18.374694212128","3.1736085225915","1"
"Goa","2018","Summer","Floating","60","23","46","129","8.1516841714763","5.9651135326378","3"
"Goa","2018","Monsoon","Submersible","56","13","26","95","19.120942872239","2.2028470931704","1"
"Goa","2018","Monsoon","Surface Suction","17","54","36","107","12.803966231192","2.7906094741713","4"
"Goa","2018","Monsoon","Floating","28","47","22","97","8.9663811073884","4.0625949340254","2"
"Goa","2018","Winter","Submersible","40","25","51","116","18.585147960145","1.1832967425603","3"
"Goa","2018","Winter","Surface Suction","63","19","61","143","12.650882199317","4.8668216627262","4"
"Goa","2018","Winter","Floating","11","50","43","104","14.6610237972","4.1714686583332","2"
"Goa","2019","Summer","Submersible","56","44","38","138","4.0130203480752","6.96789184936","4"
"Goa","2019","Summer","Surface Suction","16","39","26","81","0.88323872355663","3.0506944284206","1"
"Goa","2019","Summer","Floating","10","24","56","90","0.11331629059135","6.6225461707528","4"
"Goa","2019","Monsoon","Submersible","18","10","55","83","14.000685455442","1.6264247784885","3"
"Goa","2019","Monsoon","Surface Suction","18","43","33","94","8.1508606206486","3.4426389347538","2"
"Goa","2019","Monsoon","Floating","20","44","27","91","2.2199619758263","5.8494112600553","1"
"Goa","2019","Winter","Submersible","41","43","64","148","19.102304145834","4.1354595960205","4"
"Goa","2019","Winter","Surface Suction","11","49","36","96","10.012485361408","5.7670932669445","4"
"Goa","2019","Winter","Floating","47","11","21","79","14.202201128434","5.0011265260856","3"
"Goa","2020","Summer","Submersible","69","43","58","170","8.0261204843942","2.7550905464245","4"
"Goa","2020","Summer","Surface Suction","64","36","48","148","11.665149849122","6.0533844780637","1"
"Goa","2020","Summer","Floating","50","39","32","121","12.069861920868","3.1468845046813","1"
"Goa","2020","Monsoon","Submersible","34","31","50","115","17.773181605308","4.018503704679","2"
"Goa","2020","Monsoon","Surface Suction","19","19","55","93","12.495677255788","1.4306548373591","4"
"Goa","2020","Monsoon","Floating","59","23","47","129","4.693068835517","2.8191643567663","3"
"Goa","2020","Winter","Submersible","31","39","23","93","2.8575192267882","5.6520769024188","2"
"Goa","2020","Winter","Surface Suction","21","40","33","94","17.639843394433","5.942668540607","3"
"Goa","2020","Winter","Floating","20","50","31","101","8.0489327486734","1.6164895147145","1"
"Goa","2021","Summer","Submersible","67","38","45","150","14.300774377014","4.5609145778556","1"
"Goa","2021","Summer","Surface Suction","32","33","27","92","0.076398453171662","2.4809432152114","1"
"Goa","2021","Summer","Floating","38","37","30","105","16.53429319862","1.7795795472142","1"
"Goa","2021","Monsoon","Submersible","36","43","63","142","11.436183272143","6.4431989293637","3"
"Goa","2021","Monsoon","Surface Suction","22","28","25","75","7.5463610792639","6.7844704989406","1"
"Goa","2021","Monsoon","Floating","26","32","45","103","11.292581019945","6.5810257926305","1"
"Goa","2021","Winter","Submersible","65","19","42","126","5.0846276749739","6.2530673593157","1"
"Goa","2021","Winter","Surface Suction","42","33","63","138","2.5920130239088","5.0566493884865","1"
"Goa","2021","Winter","Floating","39","18","40","97","9.5081321570015","4.8060384382672","1"
"Goa","2022","Summer","Submersible","51","26","56","133","9.9714159901142","3.310720719415","4"
"Goa","2022","Summer","Surface Suction","50","44","37","131","12.688482905732","5.6246837095833","1"
"Goa","2022","Summer","Floating","69","16","60","145","3.7204600001133","4.3124161879203","4"
"Goa","2022","Monsoon","Submersible","40","11","35","86","7.4232322957148","6.2185790600903","2"
"Goa","2022","Monsoon","Surface Suction","65","31","52","148","15.924811911257","5.5241382095703","1"
"Goa","2022","Monsoon","Floating","43","18","43","104","18.61614594633","1.7543456139534","3"
"Goa","2022","Winter","Submersible","37","15","63","115","1.0439725808994","5.0931632837597","2"
"Goa","2022","Winter","Surface Suction","63","10","55","128","1.7068267296865","1.2580417112016","1"
"Goa","2022","Winter","Floating","66","58","29","153","10.876114557325","1.5992009268171","2"
"Goa","2023","Summer","Submersible","55","22","56","133","18.221374055348","6.0295921572742","1"
"Goa","2023","Summer","Surface Suction","45","23","29","97","0.62843643022546","5.4172025503646","2"
"Goa","2023","Summer","Floating","26","21","43","90","14.4971299863","6.2658821179047","2"
"Goa","2023","Monsoon","Submersible","69","35","57","161","15.246180640439","3.7295133370455","4"
"Goa","2023","Monsoon","Surface Suction","56","26","59","141","2.6303653383276","6.1427773591377","2"
"Goa","2023","Monsoon","Floating","62","51","49","162","7.3546730161022","2.0904351442568","3"
"Goa","2023","Winter","Submersible","41","41","44","126","15.462837478373","4.1077631662755","4"
"Goa","2023","Winter","Surface Suction","66","21","35","122","11.361850246757","4.9780440768507","1"
"Goa","2023","Winter","Floating","16","45","28","89","10.939265027428","5.9785787217259","3"
"Goa","2024","Summer","Submersible","34","17","64","115","7.9601058590901","2.8174943729992","3"
"Goa","2024","Summer","Surface Suction","38","50","48","136","4.9320726995605","3.9044624182612","3"
"Goa","2024","Summer","Floating","69","32","63","164","1.1568889889432","6.7467388059292","1"
"Goa","2024","Monsoon","Submersible","64","14","51","129","13.019146702361","4.8675470484541","4"
"Goa","2024","Monsoon","Surface Suction","37","31","60","128","4.0996241905363","5.3537632016465","3"
"Goa","2024","Monsoon","Floating","51","35","44","130","15.626437114946","4.4697903965222","3"
"Goa","2024","Winter","Submersible","22","17","59","98","18.128419278289","1.9832861426829","3"
"Goa","2024","Winter","Surface Suction","52","10","57","119","5.8100901134284","3.8199296089476","3"
"Goa","2024","Winter","Floating","40","50","45","135","2.9460608855794","1.0470495446315","4"
"Goa","2025","Summer","Submersible","50","20","52","122","19.158682421135","4.1779583436737","3"
"Goa","2025","Summer","Surface Suction","41","30","24","95","12.418171804354","6.5719617220893","2"
"Goa","2025","Summer","Floating","27","23","29","79","3.6061587084556","3.751587661083","3"
"Goa","2025","Monsoon","Submersible","39","15","48","102","9.6266675307133","6.3860480360677","4"
"Goa","2025","Monsoon","Surface Suction","42","26","30","98","15.862857479935","6.122709530228","4"
"Goa","2025","Monsoon","Floating","53","15","60","128","3.9385140890686","6.708578862171","4"
"Goa","2025","Winter","Submersible","65","35","31","131","5.1908356635218","3.6219753139937","3"
"Goa","2025","Winter","Surface Suction","32","47","37","116","19.623556735246","2.1406458987024","3"
"Goa","2025","Winter","Floating","38","43","36","117","19.202712088109","4.1287578323288","2"
"Gujarat","2015","Summer","Submersible","43","17","32","92","17.084438126817","5.6385342501848","4"
"Gujarat","2015","Summer","Surface Suction","56","39","20","115","9.1646930078567","5.6880930436864","4"
"Gujarat","2015","Summer","Floating","33","59","41","133","17.104139700367","4.6183858370231","1"
"Gujarat","2015","Monsoon","Submersible","19","45","56","120","7.5397108385256","4.3119418127243","3"
"Gujarat","2015","Monsoon","Surface Suction","52","30","43","125","16.161585647117","2.0673287442941","3"
"Gujarat","2015","Monsoon","Floating","17","57","46","120","5.0764215631339","2.4748446358369","1"
"Gujarat","2015","Winter","Submersible","12","53","32","97","0.0088556287441577","6.4082985798516","2"
"Gujarat","2015","Winter","Surface Suction","65","36","53","154","19.865100308459","1.2694677939737","1"
"Gujarat","2015","Winter","Floating","16","58","22","96","7.8491637245896","5.5255898400821","3"
"Gujarat","2016","Summer","Submersible","44","58","58","160","11.542451720766","3.142726955803","2"
"Gujarat","2016","Summer","Surface Suction","54","38","39","131","11.47682508209","3.493623375444","1"
"Gujarat","2016","Summer","Floating","59","10","45","114","18.364781733509","1.6108220976972","2"
"Gujarat","2016","Monsoon","Submersible","68","20","60","148","0.77859926651335","1.2161129097486","1"
"Gujarat","2016","Monsoon","Surface Suction","31","43","64","138","4.4978043363183","3.5882838926444","4"
"Gujarat","2016","Monsoon","Floating","20","30","54","104","6.5267686186397","6.0379579342527","1"
"Gujarat","2016","Winter","Submersible","69","16","26","111","16.916991009199","3.4056505748383","2"
"Gujarat","2016","Winter","Surface Suction","13","32","61","106","17.777748480073","4.2670346142954","1"
"Gujarat","2016","Winter","Floating","38","17","60","115","5.9138934808321","4.5628148848577","2"
"Gujarat","2017","Summer","Submersible","37","55","46","138","1.3801518522563","6.6447071230186","1"
"Gujarat","2017","Summer","Surface Suction","10","12","43","65","16.534935360525","1.285847544619","4"
"Gujarat","2017","Summer","Floating","43","38","43","124","7.0520521185772","5.9487271376667","2"
"Gujarat","2017","Monsoon","Submersible","66","58","42","166","0.90806562937385","2.7401751618934","1"
"Gujarat","2017","Monsoon","Surface Suction","14","40","60","114","0.00023269510732282","3.4993949708938","2"
"Gujarat","2017","Monsoon","Floating","15","46","29","90","4.0112050214597","2.2214702652782","1"
"Gujarat","2017","Winter","Submersible","29","12","41","82","14.58689588176","6.8010729987957","2"
"Gujarat","2017","Winter","Surface Suction","60","45","60","165","16.96850758181","3.5357751820817","2"
"Gujarat","2017","Winter","Floating","39","46","44","129","5.056272121784","2.6286314658052","1"
"Gujarat","2018","Summer","Submersible","57","56","55","168","19.69716805525","5.5254895580925","1"
"Gujarat","2018","Summer","Surface Suction","63","30","27","120","13.220285084946","1.4707348979027","3"
"Gujarat","2018","Summer","Floating","51","19","51","121","3.3464260800212","5.6837903045533","1"
"Gujarat","2018","Monsoon","Submersible","26","20","51","97","0.84844596413783","2.5919568253328","4"
"Gujarat","2018","Monsoon","Surface Suction","57","56","44","157","2.5988274453588","4.3605501846604","1"
"Gujarat","2018","Monsoon","Floating","10","34","55","99","19.448399980802","3.6928818744796","2"
"Gujarat","2018","Winter","Submersible","49","24","51","124","1.9646998437816","5.8211086506096","3"
"Gujarat","2018","Winter","Surface Suction","32","48","36","116","0.61715808616145","1.3113717971105","1"
"Gujarat","2018","Winter","Floating","22","15","25","62","13.302923884768","1.943957680011","1"
"Gujarat","2019","Summer","Submersible","58","21","64","143","18.94181334217","3.9775525172942","3"
"Gujarat","2019","Summer","Surface Suction","35","24","55","114","15.724113045221","5.4066635924535","2"
"Gujarat","2019","Summer","Floating","58","28","62","148","16.77994655436","1.0685079007244","2"
"Gujarat","2019","Monsoon","Submersible","42","23","53","118","8.7532265629641","2.4098404299757","3"
"Gujarat","2019","Monsoon","Surface Suction","38","28","25","91","10.928606321557","6.8022116515369","3"
"Gujarat","2019","Monsoon","Floating","62","10","24","96","14.369078946451","6.1758428268951","1"
"Gujarat","2019","Winter","Submersible","57","44","38","139","7.9310736397993","1.7902901714746","2"
"Gujarat","2019","Winter","Surface Suction","34","29","50","113","6.195757184182","2.7402731917746","4"
"Gujarat","2019","Winter","Floating","31","46","27","104","5.00935797585","4.749244597642","3"
"Gujarat","2020","Summer","Submersible","59","25","38","122","12.559867652082","2.4850604388425","4"
"Gujarat","2020","Summer","Surface Suction","69","42","31","142","5.7526545808736","2.8406595971328","3"
"Gujarat","2020","Summer","Floating","21","26","25","72","6.6809993133754","5.3961943035417","2"
"Gujarat","2020","Monsoon","Submersible","14","42","60","116","13.708877664438","2.9947369428923","2"
"Gujarat","2020","Monsoon","Surface Suction","39","56","58","153","18.888971653886","4.8504063837913","2"
"Gujarat","2020","Monsoon","Floating","16","24","42","82","3.9798427791887","3.5100031846137","2"
"Gujarat","2020","Winter","Submersible","38","29","48","115","6.505078118491","6.6476346894511","1"
"Gujarat","2020","Winter","Surface Suction","66","17","45","128","9.0023305294962","6.8626253983094","2"
"Gujarat","2020","Winter","Floating","15","14","47","76","8.0720200472318","5.4273099090076","2"
"Gujarat","2021","Summer","Submersible","29","50","46","125","10.39408525789","1.4442533074741","3"
"Gujarat","2021","Summer","Surface Suction","19","43","44","106","14.803227375229","4.7842028269527","4"
"Gujarat","2021","Summer","Floating","19","47","41","107","2.8788382714446","4.5721579675516","3"
"Gujarat","2021","Monsoon","Submersible","38","56","57","151","1.3666820969121","3.5822484981448","4"
"Gujarat","2021","Monsoon","Surface Suction","53","28","39","120","1.841905064658","4.3202740967602","1"
"Gujarat","2021","Monsoon","Floating","43","31","22","96","7.4651962892552","4.3819598261726","1"
"Gujarat","2021","Winter","Submersible","42","41","25","108","6.258147884273","2.6265775225844","4"
"Gujarat","2021","Winter","Surface Suction","11","38","23","72","18.934674578468","1.6354348264225","2"
"Gujarat","2021","Winter","Floating","62","24","41","127","18.781141919344","1.0400927753433","4"
"Gujarat","2022","Summer","Submersible","31","45","53","129","7.4710960209536","1.3029336664744","1"
"Gujarat","2022","Summer","Surface Suction","58","54","23","135","18.725342788264","4.2519404493386","3"
"Gujarat","2022","Summer","Floating","10","19","55","84","14.514518207282","4.7034941250924","4"
"Gujarat","2022","Monsoon","Submersible","41","15","57","113","2.0378620174587","1.0499196533632","2"
"Gujarat","2022","Monsoon","Surface Suction","59","44","40","143","18.290973276971","3.6041258362526","3"
"Gujarat","2022","Monsoon","Floating","13","38","28","79","8.7676996006152","6.9775737191493","4"
"Gujarat","2022","Winter","Submersible","26","52","60","138","4.8404415996175","5.2843163402688","4"
"Gujarat","2022","Winter","Surface Suction","48","58","42","148","1.0003715364222","6.4691277599519","4"
"Gujarat","2022","Winter","Floating","42","55","24","121","1.5429033707916","6.4670097110805","3"
"Gujarat","2023","Summer","Submersible","59","12","52","123","13.457433371962","1.4868950712174","4"
"Gujarat","2023","Summer","Surface Suction","64","19","37","120","16.101806369913","5.9379028302506","3"
"Gujarat","2023","Summer","Floating","22","55","22","99","12.335672157051","5.4572889620076","4"
"Gujarat","2023","Monsoon","Submersible","36","55","27","118","1.3691743866716","3.2266776305808","1"
"Gujarat","2023","Monsoon","Surface Suction","15","52","44","111","6.6721357805809","6.1911600843869","1"
"Gujarat","2023","Monsoon","Floating","63","46","28","137","0.70015829613611","5.7242400700306","2"
"Gujarat","2023","Winter","Submersible","67","52","57","176","8.5520266740667","3.6552730888885","4"
"Gujarat","2023","Winter","Surface Suction","52","46","34","132","1.2801269321724","5.948459424082","2"
"Gujarat","2023","Winter","Floating","20","22","23","65","11.804653183018","3.4457971478779","3"
"Gujarat","2024","Summer","Submersible","63","33","23","119","4.2005869903256","2.6862284882862","3"
"Gujarat","2024","Summer","Surface Suction","23","47","20","90","18.480537408515","1.6712836992947","1"
"Gujarat","2024","Summer","Floating","14","58","29","101","18.850626150402","5.4806598372023","3"
"Gujarat","2024","Monsoon","Submersible","54","56","39","149","8.9240244195509","5.835067195707","1"
"Gujarat","2024","Monsoon","Surface Suction","13","21","46","80","10.300113194194","4.213322889278","1"
"Gujarat","2024","Monsoon","Floating","67","33","44","144","16.562336580127","2.2963606974686","3"
"Gujarat","2024","Winter","Submersible","41","14","55","110","12.644331955079","3.2411210613981","2"
"Gujarat","2024","Winter","Surface Suction","48","25","52","125","6.3721792552721","6.4213506605952","2"
"Gujarat","2024","Winter","Floating","60","54","54","168","6.9778015008365","4.1295963760681","1"
"Gujarat","2025","Summer","Submersible","51","32","36","119","6.8956284014529","3.7710608876507","2"
"Gujarat","2025","Summer","Surface Suction","66","31","28","125","3.2073081223949","5.0418725048494","1"
"Gujarat","2025","Summer","Floating","41","55","42","138","8.5921718426473","5.4437568933662","1"
"Gujarat","2025","Monsoon","Submersible","11","46","25","82","15.788643883904","2.7807200921191","2"
"Gujarat","2025","Monsoon","Surface Suction","42","39","36","117","8.2840185114366","5.394483188876","3"
"Gujarat","2025","Monsoon","Floating","23","19","55","97","2.3683007835186","2.2713659826407","3"
"Gujarat","2025","Winter","Submersible","23","48","38","109","6.7134766607812","5.496342716807","4"
"Gujarat","2025","Winter","Surface Suction","17","52","28","97","8.3155020704664","3.5736660005809","3"
"Gujarat","2025","Winter","Floating","12","19","59","90","14.042921923637","2.0301634462327","2"
"Haryana","2015","Summer","Submersible","43","22","20","85","12.628378424368","4.1950243984959","1"
"Haryana","2015","Summer","Surface Suction","57","58","48","163","8.7819113050166","6.8826134216222","1"
"Haryana","2015","Summer","Floating","16","22","24","62","15.296019449186","5.073386350467","2"
"Haryana","2015","Monsoon","Submersible","58","48","20","126","0.36248082091459","5.7565486814369","1"
"Haryana","2015","Monsoon","Surface Suction","68","12","34","114","17.712395284835","2.3314027647062","2"
"Haryana","2015","Monsoon","Floating","69","25","44","138","14.626330394066","5.1836525143231","4"
"Haryana","2015","Winter","Submersible","10","38","41","89","16.866523355758","3.9105679598772","3"
"Haryana","2015","Winter","Surface Suction","63","50","26","139","9.0258822605851","2.1006531784206","2"
"Haryana","2015","Winter","Floating","50","54","34","138","9.3261951228034","1.4541983638587","2"
"Haryana","2016","Summer","Submersible","66","49","37","152","18.035480570925","2.2208364549856","4"
"Haryana","2016","Summer","Surface Suction","17","31","25","73","7.7880987795775","4.2505657856054","4"
"Haryana","2016","Summer","Floating","24","37","64","125","9.0095714294119","4.0802092613495","2"
"Haryana","2016","Monsoon","Submersible","24","29","48","101","11.181185698932","2.9269729158157","3"
"Haryana","2016","Monsoon","Surface Suction","12","23","59","94","1.3742735544792","3.2174451965606","3"
"Haryana","2016","Monsoon","Floating","69","20","50","139","14.175313104583","1.0501820912611","3"
"Haryana","2016","Winter","Submersible","11","58","28","97","0.10626951336692","5.8269678545909","1"
"Haryana","2016","Winter","Surface Suction","65","24","44","133","11.620301867502","3.5564258657566","2"
"Haryana","2016","Winter","Floating","46","57","64","167","7.0040598218146","5.0648404889408","4"
"Haryana","2017","Summer","Submersible","26","44","56","126","4.1448459953776","5.2794152085","3"
"Haryana","2017","Summer","Surface Suction","16","37","28","81","6.9392531946912","3.3445309139778","2"
"Haryana","2017","Summer","Floating","26","25","42","93","12.108235150152","3.598978667891","2"
"Haryana","2017","Monsoon","Submersible","45","51","56","152","10.832928364335","5.5496037523364","4"
"Haryana","2017","Monsoon","Surface Suction","51","22","30","103","5.4188539663273","2.2135250831472","3"
"Haryana","2017","Monsoon","Floating","66","49","64","179","4.2982527407279","3.5491050572085","4"
"Haryana","2017","Winter","Submersible","19","53","30","102","3.7584076163065","1.4618300162852","2"
"Haryana","2017","Winter","Surface Suction","59","21","45","125","9.0155256777273","6.7509870140064","1"
"Haryana","2017","Winter","Floating","47","56","22","125","18.781369589006","4.8182456892002","1"
"Haryana","2018","Summer","Submersible","39","54","51","144","3.8185317014329","5.1678457533624","1"
"Haryana","2018","Summer","Surface Suction","36","45","26","107","5.2927005385071","4.9718136687632","3"
"Haryana","2018","Summer","Floating","24","13","51","88","15.217026618616","2.1263344341535","4"
"Haryana","2018","Monsoon","Submersible","67","46","39","152","7.366944275887","3.5940773584201","1"
"Haryana","2018","Monsoon","Surface Suction","46","31","25","102","8.3048194466808","6.3307846595375","3"
"Haryana","2018","Monsoon","Floating","14","55","25","94","8.5796986368178","2.2063909122997","4"
"Haryana","2018","Winter","Submersible","49","38","26","113","19.923153469976","5.9524939847437","2"
"Haryana","2018","Winter","Surface Suction","17","20","52","89","11.534047977155","1.4035354838042","4"
"Haryana","2018","Winter","Floating","36","29","31","96","6.5327849885182","5.4891034722931","4"
"Haryana","2019","Summer","Submersible","19","12","64","95","9.3165150644625","4.4269737917342","4"
"Haryana","2019","Summer","Surface Suction","22","58","54","134","0.4485177832411","3.1625609628489","3"
"Haryana","2019","Summer","Floating","63","20","49","132","6.2555597842071","4.9260520329563","3"
"Haryana","2019","Monsoon","Submersible","31","47","50","128","15.287067728729","4.7424585091841","4"
"Haryana","2019","Monsoon","Surface Suction","45","41","34","120","10.232714357902","1.0320769651262","3"
"Haryana","2019","Monsoon","Floating","25","14","40","79","8.0466991047467","3.3435616454907","4"
"Haryana","2019","Winter","Submersible","38","28","62","128","13.522507951766","1.8306129599764","1"
"Haryana","2019","Winter","Surface Suction","29","57","38","124","17.368215758828","3.2747659502539","2"
"Haryana","2019","Winter","Floating","64","37","24","125","12.66145306999","3.8157113639547","1"
"Haryana","2020","Summer","Submersible","21","59","23","103","17.220905990066","3.7670014075235","2"
"Haryana","2020","Summer","Surface Suction","34","23","30","87","18.984013863618","5.9969914112145","3"
"Haryana","2020","Summer","Floating","64","27","42","133","18.50094350686","4.7898610904974","3"
"Haryana","2020","Monsoon","Submersible","50","34","60","144","1.3960130922926","4.3281262586805","1"
"Haryana","2020","Monsoon","Surface Suction","16","13","20","49","3.5871202057848","5.2308348734234","2"
"Haryana","2020","Monsoon","Floating","59","56","36","151","16.747341595403","2.0183705714615","4"
"Haryana","2020","Winter","Submersible","59","57","52","168","12.193948503052","5.1978374177327","4"
"Haryana","2020","Winter","Surface Suction","49","29","49","127","18.204260697355","4.8341929534895","2"
"Haryana","2020","Winter","Floating","39","22","32","93","11.689995910616","6.002751705513","2"
"Haryana","2021","Summer","Submersible","45","35","30","110","11.856803610162","3.1295479652621","2"
"Haryana","2021","Summer","Surface Suction","29","17","48","94","8.466702883064","1.5073922685834","4"
"Haryana","2021","Summer","Floating","29","25","62","116","4.2246366294586","6.1779809881532","3"
"Haryana","2021","Monsoon","Submersible","65","57","46","168","14.748521715414","2.7191172935627","3"
"Haryana","2021","Monsoon","Surface Suction","18","44","39","101","4.3245401825556","5.1472708563192","3"
"Haryana","2021","Monsoon","Floating","64","17","34","115","16.947758611427","1.3743644115897","4"
"Haryana","2021","Winter","Submersible","69","48","31","148","16.339478145437","6.1152845274758","2"
"Haryana","2021","Winter","Surface Suction","38","28","30","96","15.788188438272","3.4973083530721","2"
"Haryana","2021","Winter","Floating","43","29","57","129","18.847669080046","1.4489272311698","3"
"Haryana","2022","Summer","Submersible","46","29","22","97","19.706076645746","1.9961309418572","4"
"Haryana","2022","Summer","Surface Suction","49","53","42","144","15.965863944184","2.9575235082469","4"
"Haryana","2022","Summer","Floating","38","39","29","106","5.1292612203353","3.1319184908433","1"
"Haryana","2022","Monsoon","Submersible","22","41","55","118","4.2101387933069","5.8541418417501","3"
"Haryana","2022","Monsoon","Surface Suction","27","47","43","117","3.0985062228689","1.4964210137091","2"
"Haryana","2022","Monsoon","Floating","40","20","47","107","12.344376117558","1.9358851821936","4"
"Haryana","2022","Winter","Submersible","47","19","59","125","6.0724787628768","2.8701389710902","4"
"Haryana","2022","Winter","Surface Suction","57","32","36","125","8.8349298327541","6.9054069954066","2"
"Haryana","2022","Winter","Floating","66","51","53","170","9.1686284826288","5.3500364577947","4"
"Haryana","2023","Summer","Submersible","27","21","59","107","13.284034261436","2.1954757264499","3"
"Haryana","2023","Summer","Surface Suction","64","48","32","144","19.789022619301","6.3371158662626","4"
"Haryana","2023","Summer","Floating","35","36","40","111","9.7878507481318","5.4498487110163","3"
"Haryana","2023","Monsoon","Submersible","21","53","57","131","16.764608421636","3.1684226744031","3"
"Haryana","2023","Monsoon","Surface Suction","57","27","35","119","6.5646621135668","3.7239394671982","1"
"Haryana","2023","Monsoon","Floating","41","49","32","122","17.79767452947","5.9071378339302","2"
"Haryana","2023","Winter","Submersible","28","22","45","95","17.392121649496","3.4166549993974","4"
"Haryana","2023","Winter","Surface Suction","48","17","44","109","14.832052389036","2.6764953050564","3"
"Haryana","2023","Winter","Floating","47","37","49","133","17.085215779947","3.9445900402742","2"
"Haryana","2024","Summer","Submersible","43","25","41","109","12.077019650806","4.4596840427783","3"
"Haryana","2024","Summer","Surface Suction","17","15","33","65","5.0559688803155","6.6333697602476","4"
"Haryana","2024","Summer","Floating","68","21","50","139","11.464463888992","3.0258958119954","4"
"Haryana","2024","Monsoon","Submersible","34","50","50","134","4.3641506910434","6.2444306398311","3"
"Haryana","2024","Monsoon","Surface Suction","31","13","32","76","12.469556610386","4.6016887631682","1"
"Haryana","2024","Monsoon","Floating","29","22","36","87","3.0409713484898","3.7499415675255","3"
"Haryana","2024","Winter","Submersible","22","26","43","91","9.7226097042985","6.5244379020558","1"
"Haryana","2024","Winter","Surface Suction","32","55","27","114","4.1508187241141","2.4288799219942","3"
"Haryana","2024","Winter","Floating","22","48","56","126","9.3259882587964","5.5634538547317","4"
"Haryana","2025","Summer","Submersible","64","11","37","112","10.258443295495","5.224499627928","1"
"Haryana","2025","Summer","Surface Suction","41","59","48","148","14.162436698013","3.8541269080658","3"
"Haryana","2025","Summer","Floating","30","39","40","109","0.90905000871592","4.879602663692","3"
"Haryana","2025","Monsoon","Submersible","61","24","28","113","9.3666037186763","5.6413164511893","1"
"Haryana","2025","Monsoon","Surface Suction","32","39","52","123","17.059639906612","6.5703010338178","3"
"Haryana","2025","Monsoon","Floating","10","53","54","117","15.07468140856","2.2930045532053","4"
"Haryana","2025","Winter","Submersible","24","21","52","97","15.467620955645","6.4897951904678","4"
"Haryana","2025","Winter","Surface Suction","17","36","31","84","7.5950304583863","5.8086746573377","2"
"Haryana","2025","Winter","Floating","60","20","58","138","2.509725935983","5.6366285179905","4"
"Himachal Pradesh","2015","Summer","Submersible","67","38","40","145","11.31563109682","6.5748683032701","2"
"Himachal Pradesh","2015","Summer","Surface Suction","31","59","57","147","0.38310971102506","5.9611513658365","2"
"Himachal Pradesh","2015","Summer","Floating","17","50","54","121","8.3716457106298","2.7550985528575","1"
"Himachal Pradesh","2015","Monsoon","Submersible","60","11","59","130","18.664101755186","2.5929784445744","1"
"Himachal Pradesh","2015","Monsoon","Surface Suction","15","28","57","100","5.9130908322497","4.7176955616695","1"
"Himachal Pradesh","2015","Monsoon","Floating","60","13","41","114","5.5492935944991","2.6896962526338","2"
"Himachal Pradesh","2015","Winter","Submersible","22","41","36","99","14.124923251105","4.7361372456988","2"
"Himachal Pradesh","2015","Winter","Surface Suction","28","44","59","131","6.2632640365955","6.0972052929274","2"
"Himachal Pradesh","2015","Winter","Floating","27","57","59","143","10.820057978553","6.9090744638026","4"
"Himachal Pradesh","2016","Summer","Submersible","25","59","23","107","3.969821492107","1.9893086593908","3"
"Himachal Pradesh","2016","Summer","Surface Suction","25","21","50","96","3.0094454201199","6.8084582887044","1"
"Himachal Pradesh","2016","Summer","Floating","43","12","43","98","9.4192050486947","4.9714817958221","2"
"Himachal Pradesh","2016","Monsoon","Submersible","29","49","29","107","3.5438500202238","2.7656004198227","3"
"Himachal Pradesh","2016","Monsoon","Surface Suction","67","36","35","138","15.684123487305","3.7743470614752","1"
"Himachal Pradesh","2016","Monsoon","Floating","62","53","45","160","14.342411369444","6.1367949940825","2"
"Himachal Pradesh","2016","Winter","Submersible","29","21","42","92","5.9014469852862","2.7931428115542","4"
"Himachal Pradesh","2016","Winter","Surface Suction","10","34","21","65","3.6926491469474","3.0526457251816","1"
"Himachal Pradesh","2016","Winter","Floating","29","58","41","128","3.4668610595056","3.9149045734758","4"
"Himachal Pradesh","2017","Summer","Submersible","47","24","34","105","8.6768784571049","1.9864331744733","1"
"Himachal Pradesh","2017","Summer","Surface Suction","67","14","25","106","18.048260665722","3.0637461193461","3"
"Himachal Pradesh","2017","Summer","Floating","32","13","46","91","18.63109828619","5.9258861037948","2"
"Himachal Pradesh","2017","Monsoon","Submersible","49","32","22","103","8.2171418368099","4.3634788540063","4"
"Himachal Pradesh","2017","Monsoon","Surface Suction","58","17","30","105","16.019614008067","1.6267271086009","1"
"Himachal Pradesh","2017","Monsoon","Floating","62","46","64","172","11.701568844124","2.3576515048996","3"
"Himachal Pradesh","2017","Winter","Submersible","57","11","20","88","13.99410412199","4.701664164307","3"
"Himachal Pradesh","2017","Winter","Surface Suction","37","53","31","121","17.462176855285","5.7369537905443","4"
"Himachal Pradesh","2017","Winter","Floating","63","37","49","149","5.1934167790083","6.8183417967879","1"
"Himachal Pradesh","2018","Summer","Submersible","65","56","53","174","1.0069905393871","1.3165915471576","4"
"Himachal Pradesh","2018","Summer","Surface Suction","10","31","59","100","19.788635315593","4.4466205352332","1"
"Himachal Pradesh","2018","Summer","Floating","51","51","40","142","14.903589907392","1.4586391662367","3"
"Himachal Pradesh","2018","Monsoon","Submersible","54","25","27","106","3.1660780021123","1.3107153323969","2"
"Himachal Pradesh","2018","Monsoon","Surface Suction","35","22","36","93","16.691819051905","3.15000794003","1"
"Himachal Pradesh","2018","Monsoon","Floating","15","44","33","92","7.619825473368","5.8504344333621","2"
"Himachal Pradesh","2018","Winter","Submersible","36","22","50","108","6.0657178169857","6.5953292705159","2"
"Himachal Pradesh","2018","Winter","Surface Suction","14","31","42","87","10.631443053735","1.195954364707","1"
"Himachal Pradesh","2018","Winter","Floating","35","29","25","89","3.2243762395025","4.9384576210039","2"
"Himachal Pradesh","2019","Summer","Submersible","13","26","33","72","16.897246549793","2.3438952751905","4"
"Himachal Pradesh","2019","Summer","Surface Suction","64","24","38","126","15.471442034614","1.2642422763308","3"
"Himachal Pradesh","2019","Summer","Floating","26","44","38","108","4.6296019182598","5.0881180794481","2"
"Himachal Pradesh","2019","Monsoon","Submersible","57","53","59","169","6.3930411058413","3.6290602999981","3"
"Himachal Pradesh","2019","Monsoon","Surface Suction","52","59","20","131","8.8823049299266","5.5001704728531","2"
"Himachal Pradesh","2019","Monsoon","Floating","67","23","56","146","1.4021627928251","3.3715558925869","4"
"Himachal Pradesh","2019","Winter","Submersible","49","25","47","121","18.144978887128","1.9377022572987","2"
"Himachal Pradesh","2019","Winter","Surface Suction","37","41","64","142","14.202295326746","1.5743743284664","4"
"Himachal Pradesh","2019","Winter","Floating","33","24","62","119","5.2468593356189","2.8783008703789","2"
"Himachal Pradesh","2020","Summer","Submersible","17","16","63","96","18.328410890641","4.8124861411715","1"
"Himachal Pradesh","2020","Summer","Surface Suction","25","44","49","118","15.047957646076","4.1877641101056","1"
"Himachal Pradesh","2020","Summer","Floating","62","38","58","158","14.629929280863","5.9468291056273","1"
"Himachal Pradesh","2020","Monsoon","Submersible","32","14","49","95","10.805930635806","6.0679954545413","2"
"Himachal Pradesh","2020","Monsoon","Surface Suction","53","13","48","114","18.301214650344","2.5070156052904","2"
"Himachal Pradesh","2020","Monsoon","Floating","24","49","51","124","5.4876921040517","6.4094980317224","2"
"Himachal Pradesh","2020","Winter","Submersible","57","12","61","130","0.12758086813181","6.8701287223411","4"
"Himachal Pradesh","2020","Winter","Surface Suction","13","26","60","99","4.2177245536158","6.1431499423575","4"
"Himachal Pradesh","2020","Winter","Floating","15","44","41","100","2.6480922699291","3.2935135118648","3"
"Himachal Pradesh","2021","Summer","Submersible","20","22","61","103","0.51539197528702","4.6211728390067","3"
"Himachal Pradesh","2021","Summer","Surface Suction","23","42","37","102","2.4077515757818","6.6311787008388","3"
"Himachal Pradesh","2021","Summer","Floating","19","28","24","71","6.1443283404254","4.2787512503687","2"
"Himachal Pradesh","2021","Monsoon","Submersible","34","37","53","124","3.418728048417","3.5088687289768","1"
"Himachal Pradesh","2021","Monsoon","Surface Suction","19","23","61","103","1.6825532451877","3.3586234453564","3"
"Himachal Pradesh","2021","Monsoon","Floating","50","34","33","117","3.1924980286433","3.0137396378675","2"
"Himachal Pradesh","2021","Winter","Submersible","44","20","30","94","16.603019659958","6.6895092267405","3"
"Himachal Pradesh","2021","Winter","Surface Suction","64","26","21","111","18.529275959124","3.5177642968409","2"
"Himachal Pradesh","2021","Winter","Floating","68","20","35","123","11.47899732138","3.3573706533591","1"
"Himachal Pradesh","2022","Summer","Submersible","68","35","35","138","0.22605073178045","5.7242317488956","3"
"Himachal Pradesh","2022","Summer","Surface Suction","56","57","61","174","11.767044419663","3.3861064865983","3"
"Himachal Pradesh","2022","Summer","Floating","63","11","45","119","5.5047836207402","5.2566331878038","3"
"Himachal Pradesh","2022","Monsoon","Submersible","17","16","59","92","1.8639223912539","3.4629747643633","3"
"Himachal Pradesh","2022","Monsoon","Surface Suction","26","26","55","107","16.346106244265","6.582390521016","4"
"Himachal Pradesh","2022","Monsoon","Floating","45","37","48","130","12.529140393539","2.7239602990534","3"
"Himachal Pradesh","2022","Winter","Submersible","25","23","29","77","13.255925484194","6.2238032889009","1"
"Himachal Pradesh","2022","Winter","Surface Suction","46","38","22","106","9.687823712017","5.1628333418045","4"
"Himachal Pradesh","2022","Winter","Floating","28","22","61","111","4.171767354821","2.7783520412517","3"
"Himachal Pradesh","2023","Summer","Submersible","61","38","39","138","14.678107540037","3.0793525588993","2"
"Himachal Pradesh","2023","Summer","Surface Suction","31","41","35","107","3.4258991564334","5.9641393289569","2"
"Himachal Pradesh","2023","Summer","Floating","54","28","42","124","16.057024179911","2.4791194338279","2"
"Himachal Pradesh","2023","Monsoon","Submersible","38","45","41","124","6.7462190830246","2.8714714332202","1"
"Himachal Pradesh","2023","Monsoon","Surface Suction","48","28","57","133","4.810631703603","5.0343030597502","1"
"Himachal Pradesh","2023","Monsoon","Floating","29","18","51","98","16.487008944987","3.3819529732448","4"
"Himachal Pradesh","2023","Winter","Submersible","32","20","56","108","1.6404737042294","1.2096354784359","4"
"Himachal Pradesh","2023","Winter","Surface Suction","43","22","61","126","8.8905650610032","4.0277141476462","4"
"Himachal Pradesh","2023","Winter","Floating","28","51","49","128","7.036100128207","5.570055257282","1"
"Himachal Pradesh","2024","Summer","Submersible","40","28","50","118","9.3536242496975","4.716339816199","4"
"Himachal Pradesh","2024","Summer","Surface Suction","19","11","21","51","6.6056933500417","4.3853909001072","4"
"Himachal Pradesh","2024","Summer","Floating","25","55","58","138","18.688660775069","5.1345259224894","1"
"Himachal Pradesh","2024","Monsoon","Submersible","20","30","23","73","12.063843312293","4.1416032829157","4"
"Himachal Pradesh","2024","Monsoon","Surface Suction","40","26","52","118","9.8446463036482","2.1700538826317","3"
"Himachal Pradesh","2024","Monsoon","Floating","37","51","26","114","5.0605268184051","6.1933742990332","4"
"Himachal Pradesh","2024","Winter","Submersible","28","35","30","93","19.583031102012","5.04303338962","1"
"Himachal Pradesh","2024","Winter","Surface Suction","12","21","22","55","13.529674990412","4.5654509638516","2"
"Himachal Pradesh","2024","Winter","Floating","58","25","21","104","11.507183462582","3.574374215816","2"
"Himachal Pradesh","2025","Summer","Submersible","37","34","51","122","4.5254486000637","5.1541258369265","4"
"Himachal Pradesh","2025","Summer","Surface Suction","42","22","60","124","13.044707062649","2.506480621991","2"
"Himachal Pradesh","2025","Summer","Floating","25","54","41","120","2.4401482715378","5.2082997133581","3"
"Himachal Pradesh","2025","Monsoon","Submersible","50","25","53","128","3.6690480230046","4.5648511765387","4"
"Himachal Pradesh","2025","Monsoon","Surface Suction","49","18","31","98","0.55687815154827","4.736393693757","1"
"Himachal Pradesh","2025","Monsoon","Floating","43","57","39","139","9.6542694615387","5.6647328030943","3"
"Himachal Pradesh","2025","Winter","Submersible","69","45","43","157","9.8519801044363","4.8004704414528","1"
"Himachal Pradesh","2025","Winter","Surface Suction","23","11","48","82","16.119578017352","4.5521010567344","4"
"Himachal Pradesh","2025","Winter","Floating","48","33","40","121","1.3878817180837","1.539261110417","2"
"Jharkhand","2015","Summer","Submersible","33","23","53","109","18.345361331554","3.4395432241568","4"
"Jharkhand","2015","Summer","Surface Suction","15","45","64","124","5.8670684288202","4.1528218441354","4"
"Jharkhand","2015","Summer","Floating","45","34","51","130","13.527221357454","5.0777990943709","2"
"Jharkhand","2015","Monsoon","Submersible","47","12","42","101","0.022241883923748","2.6317273563892","3"
"Jharkhand","2015","Monsoon","Surface Suction","14","13","40","67","12.674231995311","4.5607682962283","3"
"Jharkhand","2015","Monsoon","Floating","23","15","31","69","6.4706082497098","4.9903359340398","2"
"Jharkhand","2015","Winter","Submersible","16","55","51","122","16.268689646485","6.5455256476187","2"
"Jharkhand","2015","Winter","Surface Suction","56","53","53","162","6.3652408277145","6.3655907095385","3"
"Jharkhand","2015","Winter","Floating","49","23","34","106","17.824001461272","1.0818041434349","3"
"Jharkhand","2016","Summer","Submersible","26","37","38","101","2.9643492419865","1.5525925251975","4"
"Jharkhand","2016","Summer","Surface Suction","49","22","39","110","11.314899012266","4.0867679664394","2"
"Jharkhand","2016","Summer","Floating","34","40","41","115","13.325357229581","6.933013188335","3"
"Jharkhand","2016","Monsoon","Submersible","34","17","20","71","6.2983688917779","1.5798690057265","3"
"Jharkhand","2016","Monsoon","Surface Suction","48","56","43","147","8.0945012765932","1.5258990171679","4"
"Jharkhand","2016","Monsoon","Floating","44","29","22","95","16.249476420883","2.9616461460201","3"
"Jharkhand","2016","Winter","Submersible","10","26","21","57","13.450145253473","5.0931501355306","1"
"Jharkhand","2016","Winter","Surface Suction","57","42","22","121","14.77011757021","4.9997025092762","4"
"Jharkhand","2016","Winter","Floating","21","29","64","114","5.1348699261952","5.8245740178016","3"
"Jharkhand","2017","Summer","Submersible","63","28","57","148","1.8500087587793","5.682087176441","1"
"Jharkhand","2017","Summer","Surface Suction","69","31","47","147","8.8606741267524","4.7026356665719","2"
"Jharkhand","2017","Summer","Floating","52","28","27","107","2.5109957979695","6.780879684846","4"
"Jharkhand","2017","Monsoon","Submersible","60","35","42","137","11.711274575866","4.2482465254446","4"
"Jharkhand","2017","Monsoon","Surface Suction","65","28","58","151","19.50946056628","3.8449857776319","3"
"Jharkhand","2017","Monsoon","Floating","23","20","45","88","5.9133007854324","6.5952675361147","2"
"Jharkhand","2017","Winter","Submersible","52","28","25","105","5.0462385413937","2.8466254317589","2"
"Jharkhand","2017","Winter","Surface Suction","37","10","54","101","16.198488406058","4.4987813145975","2"
"Jharkhand","2017","Winter","Floating","56","16","30","102","18.15470866355","6.9793939377339","4"
"Jharkhand","2018","Summer","Submersible","35","47","31","113","7.1724316390718","6.4680351404718","2"
"Jharkhand","2018","Summer","Surface Suction","62","33","35","130","1.1376279555529","5.5991638973298","2"
"Jharkhand","2018","Summer","Floating","63","13","30","106","18.612849527039","5.0566301548861","2"
"Jharkhand","2018","Monsoon","Submersible","20","37","60","117","5.017581997814","1.7226840399794","4"
"Jharkhand","2018","Monsoon","Surface Suction","52","56","45","153","16.315388092702","3.8003685626077","1"
"Jharkhand","2018","Monsoon","Floating","45","23","33","101","1.2220933523926","3.995817676086","3"
"Jharkhand","2018","Winter","Submersible","25","55","49","129","18.820965200768","6.2359304330563","2"
"Jharkhand","2018","Winter","Surface Suction","65","34","57","156","7.7454882284968","4.9581416375828","4"
"Jharkhand","2018","Winter","Floating","63","47","42","152","8.2992087215936","5.3829548648938","1"
"Jharkhand","2019","Summer","Submersible","27","58","60","145","3.6103645678485","2.5748235107276","4"
"Jharkhand","2019","Summer","Surface Suction","59","47","46","152","6.7616881873252","1.7609441353025","1"
"Jharkhand","2019","Summer","Floating","69","43","23","135","14.687313529844","2.2529856129675","2"
"Jharkhand","2019","Monsoon","Submersible","13","10","26","49","11.904594654388","6.231478367683","3"
"Jharkhand","2019","Monsoon","Surface Suction","17","33","38","88","5.9093584925352","4.1798220461285","3"
"Jharkhand","2019","Monsoon","Floating","36","41","33","110","2.9672067457903","2.0325161947158","1"
"Jharkhand","2019","Winter","Submersible","25","44","50","119","11.913596483231","1.4836924310176","4"
"Jharkhand","2019","Winter","Surface Suction","55","35","58","148","10.049817536539","2.2046258485401","2"
"Jharkhand","2019","Winter","Floating","20","11","63","94","18.315764789083","3.1587645612718","2"
"Jharkhand","2020","Summer","Submersible","62","16","20","98","6.4619940333267","6.9264972345951","2"
"Jharkhand","2020","Summer","Surface Suction","54","15","25","94","12.066683924241","5.8101057591478","3"
"Jharkhand","2020","Summer","Floating","46","27","50","123","19.912756671896","1.0629618468397","2"
"Jharkhand","2020","Monsoon","Submersible","42","19","56","117","15.718505524178","4.7075893590778","3"
"Jharkhand","2020","Monsoon","Surface Suction","18","30","31","79","16.287735585375","2.6820085153085","2"
"Jharkhand","2020","Monsoon","Floating","62","24","21","107","12.879131588952","3.2857110701409","2"
"Jharkhand","2020","Winter","Submersible","27","12","26","65","18.048065522213","3.2992921956835","1"
"Jharkhand","2020","Winter","Surface Suction","67","42","63","172","0.96725422097562","5.9229255068816","4"
"Jharkhand","2020","Winter","Floating","68","27","23","118","7.0620577787678","5.7987001866747","2"
"Jharkhand","2021","Summer","Submersible","11","53","25","89","9.3223258531698","3.6723191558672","1"
"Jharkhand","2021","Summer","Surface Suction","64","25","50","139","10.822276497577","4.6305371112432","4"
"Jharkhand","2021","Summer","Floating","60","58","28","146","0.42042213452434","5.9176573183948","1"
"Jharkhand","2021","Monsoon","Submersible","32","14","61","107","5.6672813778224","6.0234233093309","3"
"Jharkhand","2021","Monsoon","Surface Suction","48","24","26","98","8.8366740960391","1.9802005503905","3"
"Jharkhand","2021","Monsoon","Floating","19","37","48","104","7.7341411408796","1.3069012337224","3"
"Jharkhand","2021","Winter","Submersible","47","22","48","117","9.6658856993265","3.2967046024182","3"
"Jharkhand","2021","Winter","Surface Suction","67","29","23","119","0.14668301672361","1.1548563571791","4"
"Jharkhand","2021","Winter","Floating","32","25","32","89","19.891639780705","2.2110510121825","2"
"Jharkhand","2022","Summer","Submersible","22","16","34","72","15.556224889169","5.9340346687411","2"
"Jharkhand","2022","Summer","Surface Suction","33","58","56","147","9.0238638290145","2.9823488419937","4"
"Jharkhand","2022","Summer","Floating","55","17","44","116","18.738557274623","6.9041890856748","4"
"Jharkhand","2022","Monsoon","Submersible","35","55","33","123","4.916948849868","3.1488382991749","3"
"Jharkhand","2022","Monsoon","Surface Suction","15","56","24","95","18.97961334094","1.8553393301987","1"
"Jharkhand","2022","Monsoon","Floating","52","23","47","122","1.5351612377748","1.0251246617677","1"
"Jharkhand","2022","Winter","Submersible","37","36","51","124","9.7928815206407","3.4926580035525","4"
"Jharkhand","2022","Winter","Surface Suction","37","42","23","102","3.5416451079458","1.5905451346082","3"
"Jharkhand","2022","Winter","Floating","35","17","25","77","14.573125684732","2.8921824595967","2"
"Jharkhand","2023","Summer","Submersible","54","22","24","100","1.9393134193085","2.0741898246495","3"
"Jharkhand","2023","Summer","Surface Suction","27","11","29","67","10.93857751971","3.8505392372006","3"
"Jharkhand","2023","Summer","Floating","21","56","32","109","5.6120162647583","3.0996271214243","3"
"Jharkhand","2023","Monsoon","Submersible","28","44","58","130","4.8134102951431","6.2458440048225","2"
"Jharkhand","2023","Monsoon","Surface Suction","54","53","43","150","7.9866516039845","3.4580372157551","3"
"Jharkhand","2023","Monsoon","Floating","31","32","38","101","6.6838542834622","5.385222074657","4"
"Jharkhand","2023","Winter","Submersible","69","42","38","149","10.437686563159","1.4078397989164","2"
"Jharkhand","2023","Winter","Surface Suction","58","46","45","149","17.802761068938","4.9136506653943","4"
"Jharkhand","2023","Winter","Floating","25","47","32","104","12.372205781879","4.4113135336277","2"
"Jharkhand","2024","Summer","Submersible","25","37","54","116","7.9200193277123","1.798058793444","4"
"Jharkhand","2024","Summer","Surface Suction","64","31","40","135","8.6810435216191","1.7654210474282","1"
"Jharkhand","2024","Summer","Floating","10","15","42","67","6.0565977795748","5.3852777399332","3"
"Jharkhand","2024","Monsoon","Submersible","32","41","49","122","18.773296265867","3.0991263050851","3"
"Jharkhand","2024","Monsoon","Surface Suction","42","30","58","130","11.069435524197","4.4217216323883","2"
"Jharkhand","2024","Monsoon","Floating","33","56","59","148","5.0908108584332","3.8381650200581","4"
"Jharkhand","2024","Winter","Submersible","29","36","25","90","6.6112200461258","5.4684203669753","1"
"Jharkhand","2024","Winter","Surface Suction","40","30","45","115","10.263501645641","1.7830273578246","1"
"Jharkhand","2024","Winter","Floating","32","29","56","117","18.239191683993","1.3655723303243","4"
"Jharkhand","2025","Summer","Submersible","50","11","44","105","6.3809014866448","3.4930843783724","3"
"Jharkhand","2025","Summer","Surface Suction","66","47","25","138","0.47892530540967","4.5089668678347","4"
"Jharkhand","2025","Summer","Floating","12","44","52","108","1.8284398363428","4.7540914735681","1"
"Jharkhand","2025","Monsoon","Submersible","61","33","64","158","5.0722554171942","4.8525190441144","1"
"Jharkhand","2025","Monsoon","Surface Suction","54","58","62","174","11.761872752109","2.8964661030596","1"
"Jharkhand","2025","Monsoon","Floating","28","32","38","98","12.2329283878","2.7744853755701","1"
"Jharkhand","2025","Winter","Submersible","10","51","38","99","3.2924102647301","2.0870311051001","4"
"Jharkhand","2025","Winter","Surface Suction","64","27","53","144","8.7199036114117","4.5642967934009","1"
"Jharkhand","2025","Winter","Floating","67","15","51","133","16.630815726753","2.0639593193436","3"
"Karnataka","2015","Summer","Submersible","51","19","49","119","14.297990681826","4.4738658793249","4"
"Karnataka","2015","Summer","Surface Suction","61","18","50","129","0.2772427182572","4.8962729214197","1"
"Karnataka","2015","Summer","Floating","54","18","45","117","18.655058781206","1.1208270936957","3"
"Karnataka","2015","Monsoon","Submersible","66","14","24","104","11.291812778669","4.9781632223389","2"
"Karnataka","2015","Monsoon","Surface Suction","38","22","23","83","19.938988348233","5.3209447655856","3"
"Karnataka","2015","Monsoon","Floating","50","17","22","89","0.98441829081523","2.386485117247","1"
"Karnataka","2015","Winter","Submersible","39","20","54","113","18.064472546894","1.1477079030474","4"
"Karnataka","2015","Winter","Surface Suction","65","22","31","118","7.1314265190164","6.4703552614767","1"
"Karnataka","2015","Winter","Floating","61","16","21","98","13.609589250487","6.590187842087","3"
"Karnataka","2016","Summer","Submersible","49","48","40","137","18.69087761431","2.8203132617748","3"
"Karnataka","2016","Summer","Surface Suction","14","40","44","98","3.0377234467326","2.9713488993148","3"
"Karnataka","2016","Summer","Floating","26","54","21","101","19.304192770915","3.569103639203","4"
"Karnataka","2016","Monsoon","Submersible","51","15","22","88","6.2437947313826","3.5647991690001","2"
"Karnataka","2016","Monsoon","Surface Suction","29","14","38","81","7.9656109817811","1.0408881874008","2"
"Karnataka","2016","Monsoon","Floating","56","25","43","124","16.504227425193","5.7703481056368","4"
"Karnataka","2016","Winter","Submersible","64","44","33","141","3.6562677707845","6.7377512890802","3"
"Karnataka","2016","Winter","Surface Suction","39","28","44","111","18.064962101903","2.6044916708326","3"
"Karnataka","2016","Winter","Floating","17","27","47","91","11.999357165221","3.9138811920057","1"
"Karnataka","2017","Summer","Submersible","54","22","26","102","17.144618747396","5.5879057023092","1"
"Karnataka","2017","Summer","Surface Suction","15","33","37","85","18.900481291611","5.0952428726029","1"
"Karnataka","2017","Summer","Floating","64","26","43","133","4.6255985663191","2.4614267551878","2"
"Karnataka","2017","Monsoon","Submersible","43","37","22","102","3.5425428839651","1.0308377655134","3"
"Karnataka","2017","Monsoon","Surface Suction","35","57","40","132","13.653052100884","2.4137371071499","3"
"Karnataka","2017","Monsoon","Floating","17","29","51","97","15.664309093134","5.8194694279888","1"
"Karnataka","2017","Winter","Submersible","10","38","27","75","13.554464824026","2.5138884168109","3"
"Karnataka","2017","Winter","Surface Suction","12","54","59","125","17.193591701607","6.7568330977325","4"
"Karnataka","2017","Winter","Floating","47","16","63","126","3.8907006633697","5.9233128355343","2"
"Karnataka","2018","Summer","Submersible","62","42","55","159","11.556559430229","2.8472447516462","1"
"Karnataka","2018","Summer","Surface Suction","44","57","24","125","19.624831949109","6.5949335415388","3"
"Karnataka","2018","Summer","Floating","44","23","50","117","2.8398851870417","2.8254511829632","4"
"Karnataka","2018","Monsoon","Submersible","32","27","33","92","6.5221570502515","1.4254957569279","3"
"Karnataka","2018","Monsoon","Surface Suction","24","59","55","138","4.6614562378167","5.1711247972604","2"
"Karnataka","2018","Monsoon","Floating","56","22","60","138","2.6457589530208","6.8655397620703","1"
"Karnataka","2018","Winter","Submersible","41","39","32","112","19.515576370979","3.2148171628552","4"
"Karnataka","2018","Winter","Surface Suction","23","38","53","114","3.3491948903598","3.7755612826309","3"
"Karnataka","2018","Winter","Floating","40","34","57","131","1.2625981841593","3.3805303387332","2"
"Karnataka","2019","Summer","Submersible","26","46","33","105","17.383497148062","4.1803747303104","4"
"Karnataka","2019","Summer","Surface Suction","30","31","54","115","17.901132079997","6.1194548151827","4"
"Karnataka","2019","Summer","Floating","58","52","36","146","5.5373993898402","1.2763783820919","4"
"Karnataka","2019","Monsoon","Submersible","30","48","53","131","14.927257686265","2.8694304374934","1"
"Karnataka","2019","Monsoon","Surface Suction","14","14","39","67","0.032875142248994","3.2584897751242","1"
"Karnataka","2019","Monsoon","Floating","49","18","24","91","17.241522851532","1.632431715737","3"
"Karnataka","2019","Winter","Submersible","45","31","41","117","14.845844629739","2.0068875738762","2"
"Karnataka","2019","Winter","Surface Suction","68","55","52","175","14.480583775458","6.5728477641273","1"
"Karnataka","2019","Winter","Floating","10","33","23","66","10.247856414642","3.0929914447518","3"
"Karnataka","2020","Summer","Submersible","68","41","52","161","14.374362265244","1.663621593239","4"
"Karnataka","2020","Summer","Surface Suction","69","15","35","119","4.6527327677355","5.5015647645239","4"
"Karnataka","2020","Summer","Floating","65","58","32","155","1.6232844892743","3.7132148746212","1"
"Karnataka","2020","Monsoon","Submersible","46","52","58","156","16.301442013516","6.264712759619","2"
"Karnataka","2020","Monsoon","Surface Suction","32","39","53","124","9.2146720048335","6.933043247822","4"
"Karnataka","2020","Monsoon","Floating","27","51","26","104","15.091387224115","2.4916293076798","1"
"Karnataka","2020","Winter","Submersible","13","55","62","130","5.3415001491266","4.2079655384531","1"
"Karnataka","2020","Winter","Surface Suction","68","56","31","155","19.080845301562","1.7312770106883","2"
"Karnataka","2020","Winter","Floating","29","33","46","108","0.011958776695906","2.8469149001567","1"
"Karnataka","2021","Summer","Submersible","58","33","26","117","3.74248540821","4.3332974193137","3"
"Karnataka","2021","Summer","Surface Suction","69","44","49","162","8.7729500049211","6.8649775492534","2"
"Karnataka","2021","Summer","Floating","38","50","61","149","2.1360140800473","6.7204172762926","4"
"Karnataka","2021","Monsoon","Submersible","27","26","57","110","6.4080257228043","1.9857210596345","2"
"Karnataka","2021","Monsoon","Surface Suction","65","31","22","118","12.698133183063","1.7430761602349","4"
"Karnataka","2021","Monsoon","Floating","43","44","20","107","16.425003091194","4.2677852266428","1"
"Karnataka","2021","Winter","Submersible","10","10","46","66","14.757608303375","1.8340132311945","3"
"Karnataka","2021","Winter","Surface Suction","63","49","45","157","10.23560913139","5.6166554765293","2"
"Karnataka","2021","Winter","Floating","52","26","42","120","19.615876108292","4.6355571724855","4"
"Karnataka","2022","Summer","Submersible","24","43","64","131","7.8664134077038","4.2673319479281","3"
"Karnataka","2022","Summer","Surface Suction","41","28","21","90","3.3513307860901","2.8618508926273","1"
"Karnataka","2022","Summer","Floating","21","15","41","77","14.789384664775","4.8732061384631","2"
"Karnataka","2022","Monsoon","Submersible","56","15","38","109","7.547263535933","3.4810991817398","3"
"Karnataka","2022","Monsoon","Surface Suction","32","35","32","99","19.11298934533","6.7217956469781","2"
"Karnataka","2022","Monsoon","Floating","42","24","55","121","3.5818987865636","3.3533067606012","1"
"Karnataka","2022","Winter","Submersible","14","11","52","77","10.162834373304","4.7214481256135","4"
"Karnataka","2022","Winter","Surface Suction","23","38","45","106","15.359399561237","4.7713984038837","1"
"Karnataka","2022","Winter","Floating","43","42","60","145","10.622189926751","5.4743059972287","2"
"Karnataka","2023","Summer","Submersible","41","40","37","118","18.481459776914","5.9219445288832","1"
"Karnataka","2023","Summer","Surface Suction","23","41","25","89","7.1191554694128","1.8910406898621","2"
"Karnataka","2023","Summer","Floating","39","45","40","124","7.6424698891995","1.7936122905909","2"
"Karnataka","2023","Monsoon","Submersible","60","56","61","177","11.28790760678","6.5977397531694","4"
"Karnataka","2023","Monsoon","Surface Suction","50","41","34","125","15.186217103004","5.2759937139193","4"
"Karnataka","2023","Monsoon","Floating","55","59","21","135","7.5644903048669","4.1037608929135","1"
"Karnataka","2023","Winter","Submersible","24","34","42","100","8.2473297454936","1.4336616854391","2"
"Karnataka","2023","Winter","Surface Suction","42","20","29","91","14.505741687091","3.1623642403247","1"
"Karnataka","2023","Winter","Floating","47","50","64","161","10.909806809897","2.2423425002982","1"
"Karnataka","2024","Summer","Submersible","26","33","56","115","16.978477389521","3.3836288370428","4"
"Karnataka","2024","Summer","Surface Suction","33","18","23","74","18.521191196365","1.9701673196439","4"
"Karnataka","2024","Summer","Floating","39","49","30","118","4.8043886641677","3.6626280345535","1"
"Karnataka","2024","Monsoon","Submersible","33","19","64","116","17.532276540318","5.37321882693","4"
"Karnataka","2024","Monsoon","Surface Suction","46","54","37","137","4.0252757626894","6.3414197307746","1"
"Karnataka","2024","Monsoon","Floating","40","13","37","90","10.040163954784","4.4987669407172","3"
"Karnataka","2024","Winter","Submersible","52","53","28","133","6.2808761383686","3.995193681048","4"
"Karnataka","2024","Winter","Surface Suction","46","28","45","119","18.384160621074","3.5426207195855","2"
"Karnataka","2024","Winter","Floating","55","37","37","129","16.587703002847","2.1420218505703","1"
"Karnataka","2025","Summer","Submersible","51","28","36","115","5.9846400860212","3.5851496522936","4"
"Karnataka","2025","Summer","Surface Suction","12","52","45","109","7.2651070335162","5.7636108007111","1"
"Karnataka","2025","Summer","Floating","63","16","55","134","16.101946240823","6.0702378933799","2"
"Karnataka","2025","Monsoon","Submersible","10","58","44","112","8.0375254247348","5.0425373787045","2"
"Karnataka","2025","Monsoon","Surface Suction","17","38","58","113","7.1396485893733","4.8084648466242","4"
"Karnataka","2025","Monsoon","Floating","16","50","33","99","10.913919376261","2.2243863312796","3"
"Karnataka","2025","Winter","Submersible","42","35","64","141","7.6096377098607","1.636753512946","4"
"Karnataka","2025","Winter","Surface Suction","35","20","21","76","8.5421009072069","3.8506020441503","4"
"Karnataka","2025","Winter","Floating","35","53","52","140","14.145578238113","2.5130372649732","2"
"Kerala","2015","Summer","Submersible","53","35","40","128","4.1196007175392","1.0056604916058","2"
"Kerala","2015","Summer","Surface Suction","51","18","42","111","4.8470739027352","4.979864257024","2"
"Kerala","2015","Summer","Floating","57","11","39","107","17.139288295525","6.6322878122442","3"
"Kerala","2015","Monsoon","Submersible","21","49","21","91","17.111022468717","3.5097466665609","3"
"Kerala","2015","Monsoon","Surface Suction","43","53","25","121","9.9450777318176","2.070496579381","2"
"Kerala","2015","Monsoon","Floating","21","39","59","119","9.4687131875004","6.1272843592131","2"
"Kerala","2015","Winter","Submersible","29","36","62","127","1.685287323117","3.1365585109985","1"
"Kerala","2015","Winter","Surface Suction","20","24","22","66","3.3099954932731","5.2396247739653","1"
"Kerala","2015","Winter","Floating","18","24","22","64","3.9297393391242","2.2704751723145","1"
"Kerala","2016","Summer","Submersible","17","30","30","77","14.086706319144","6.5715812891838","1"
"Kerala","2016","Summer","Surface Suction","44","23","33","100","13.923849006022","2.1572234121377","3"
"Kerala","2016","Summer","Floating","55","43","60","158","16.432831395579","1.6082790548192","3"
"Kerala","2016","Monsoon","Submersible","40","10","31","81","1.1462062002097","2.0475391074831","2"
"Kerala","2016","Monsoon","Surface Suction","51","30","41","122","17.967105503353","4.4961168793275","3"
"Kerala","2016","Monsoon","Floating","11","21","36","68","14.422647147136","2.1027079906474","1"
"Kerala","2016","Winter","Submersible","60","20","31","111","9.7957173597648","4.1719396239357","3"
"Kerala","2016","Winter","Surface Suction","69","45","29","143","16.26295310336","2.5448738568623","4"
"Kerala","2016","Winter","Floating","38","51","31","120","10.13371581708","6.1360064493589","2"
"Kerala","2017","Summer","Submersible","30","31","40","101","2.7369033317271","1.4183165550024","4"
"Kerala","2017","Summer","Surface Suction","33","32","26","91","5.7575935613936","5.3481775255709","2"
"Kerala","2017","Summer","Floating","63","53","41","157","6.7264678854067","6.5232153106153","2"
"Kerala","2017","Monsoon","Submersible","15","26","57","98","9.7003597504808","1.5124181809763","4"
"Kerala","2017","Monsoon","Surface Suction","30","15","40","85","5.6270124370768","3.7454519935026","1"
"Kerala","2017","Monsoon","Floating","68","27","47","142","2.1232070709493","6.0248351177126","4"
"Kerala","2017","Winter","Submersible","51","36","29","116","10.098229025003","5.6124827881751","4"
"Kerala","2017","Winter","Surface Suction","51","35","44","130","2.3842088568115","1.2187663049537","4"
"Kerala","2017","Winter","Floating","49","32","48","129","14.381512410216","4.28510730436","1"
"Kerala","2018","Summer","Submersible","30","11","37","78","2.0112546416689","3.3595689105953","4"
"Kerala","2018","Summer","Surface Suction","44","59","37","140","6.6485338434873","2.8931990839788","1"
"Kerala","2018","Summer","Floating","39","53","29","121","8.0848328421408","6.9595911785785","2"
"Kerala","2018","Monsoon","Submersible","67","35","55","157","10.332551837086","2.7076022938281","1"
"Kerala","2018","Monsoon","Surface Suction","13","51","38","102","13.703490265556","2.7402641690679","2"
"Kerala","2018","Monsoon","Floating","32","25","20","77","1.9128139204743","3.5148170466523","1"
"Kerala","2018","Winter","Submersible","17","27","24","68","3.2919854739915","1.3832786045854","3"
"Kerala","2018","Winter","Surface Suction","38","12","45","95","10.306103759888","1.6142025074993","3"
"Kerala","2018","Winter","Floating","21","11","30","62","14.868703479124","4.1969622244084","1"
"Kerala","2019","Summer","Submersible","31","21","21","73","0.2110224490038","3.364540916647","2"
"Kerala","2019","Summer","Surface Suction","33","21","35","89","0.70430347051047","5.4770778313136","1"
"Kerala","2019","Summer","Floating","41","24","56","121","10.746809936864","2.1517326339744","4"
"Kerala","2019","Monsoon","Submersible","22","50","34","106","4.0358989650491","6.4529589863012","4"
"Kerala","2019","Monsoon","Surface Suction","37","41","54","132","6.0193263926324","2.1042686323013","1"
"Kerala","2019","Monsoon","Floating","15","10","23","48","4.5157910430126","4.6997318689917","1"
"Kerala","2019","Winter","Submersible","32","38","40","110","9.3711398918227","1.8877500046564","3"
"Kerala","2019","Winter","Surface Suction","48","49","32","129","2.6070626008653","2.2212092433214","1"
"Kerala","2019","Winter","Floating","13","49","35","97","16.171410682948","2.9074280426397","4"
"Kerala","2020","Summer","Submersible","21","35","56","112","6.0361873932539","1.2243819424528","1"
"Kerala","2020","Summer","Surface Suction","21","14","47","82","16.591316628567","1.8021739263966","2"
"Kerala","2020","Summer","Floating","43","22","58","123","18.826687855738","5.059703401315","2"
"Kerala","2020","Monsoon","Submersible","20","51","57","128","5.5113355261836","2.9930351323704","4"
"Kerala","2020","Monsoon","Surface Suction","50","17","56","123","18.588069676983","2.2288144543373","1"
"Kerala","2020","Monsoon","Floating","24","47","34","105","1.275891125072","3.3233388472612","3"
"Kerala","2020","Winter","Submersible","19","21","23","63","18.37043205541","1.2819550060187","4"
"Kerala","2020","Winter","Surface Suction","34","32","31","97","4.7802906933189","4.7732373819291","1"
"Kerala","2020","Winter","Floating","62","27","62","151","18.953723541286","2.3126302504653","3"
"Kerala","2021","Summer","Submersible","43","50","33","126","7.8751028313081","4.6492682605987","1"
"Kerala","2021","Summer","Surface Suction","59","24","47","130","4.5666250473722","1.3507479234213","1"
"Kerala","2021","Summer","Floating","43","51","20","114","3.3604010438536","3.1287837379383","4"
"Kerala","2021","Monsoon","Submersible","68","36","43","147","11.666144963684","6.3060605678277","3"
"Kerala","2021","Monsoon","Surface Suction","35","58","57","150","15.913204613229","1.4648978427543","3"
"Kerala","2021","Monsoon","Floating","18","13","26","57","5.1282605539788","6.6038678448671","4"
"Kerala","2021","Winter","Submersible","64","40","50","154","15.006615516399","2.8642919698687","3"
"Kerala","2021","Winter","Surface Suction","43","33","45","121","11.641402622484","5.7868280880464","3"
"Kerala","2021","Winter","Floating","36","13","35","84","9.5021672986367","3.316305613911","4"
"Kerala","2022","Summer","Submersible","12","31","41","84","17.272821048343","6.9808550840867","4"
"Kerala","2022","Summer","Surface Suction","58","21","40","119","8.343285579514","6.2664964291757","3"
"Kerala","2022","Summer","Floating","67","32","39","138","1.0922060642694","6.8310718079529","1"
"Kerala","2022","Monsoon","Submersible","30","24","36","90","9.3881368397852","6.1471467011049","2"
"Kerala","2022","Monsoon","Surface Suction","54","27","33","114","2.5814249386176","2.7871563903413","4"
"Kerala","2022","Monsoon","Floating","28","54","63","145","4.5496320738708","1.9971099976585","4"
"Kerala","2022","Winter","Submersible","68","43","21","132","6.8605342518005","6.9287444557278","2"
"Kerala","2022","Winter","Surface Suction","50","22","58","130","17.82280183587","3.762132238809","2"
"Kerala","2022","Winter","Floating","36","30","27","93","2.4929485798563","6.7684872425418","2"
"Kerala","2023","Summer","Submersible","30","39","40","109","1.5842630001674","1.2823502767601","2"
"Kerala","2023","Summer","Surface Suction","66","40","59","165","8.5670360113769","1.1626399140174","4"
"Kerala","2023","Summer","Floating","59","42","32","133","15.23779788755","6.3598269627287","1"
"Kerala","2023","Monsoon","Submersible","52","58","55","165","9.5396678523531","3.3352517117406","2"
"Kerala","2023","Monsoon","Surface Suction","66","10","26","102","6.7163272928307","4.6904185240882","3"
"Kerala","2023","Monsoon","Floating","25","55","42","122","1.0101478476561","4.2838284646881","1"
"Kerala","2023","Winter","Submersible","37","14","40","91","11.596591520954","2.6953016051118","1"
"Kerala","2023","Winter","Surface Suction","28","42","20","90","11.752539732302","5.9235507359449","3"
"Kerala","2023","Winter","Floating","50","49","22","121","14.600034421617","3.1465285797623","1"
"Kerala","2024","Summer","Submersible","64","29","63","156","1.7393404051187","2.8193187030655","3"
"Kerala","2024","Summer","Surface Suction","57","32","25","114","6.6975658027397","4.4251236176726","3"
"Kerala","2024","Summer","Floating","18","26","21","65","18.752795599158","5.078228671461","2"
"Kerala","2024","Monsoon","Submersible","51","51","39","141","15.764018597334","1.1442474241986","2"
"Kerala","2024","Monsoon","Surface Suction","45","28","36","109","4.2628423862787","6.2030641267081","2"
"Kerala","2024","Monsoon","Floating","68","16","36","120","17.652309150345","1.5818725750966","4"
"Kerala","2024","Winter","Submersible","47","34","24","105","1.1548215893407","6.0700734229347","1"
"Kerala","2024","Winter","Surface Suction","18","13","43","74","13.89940266243","4.0910021703195","1"
"Kerala","2024","Winter","Floating","28","21","37","86","7.4194742518434","5.632912165695","3"
"Kerala","2025","Summer","Submersible","32","26","20","78","6.9391790075517","3.5908425706467","3"
"Kerala","2025","Summer","Surface Suction","37","33","54","124","11.529778062797","3.0524166079453","4"
"Kerala","2025","Summer","Floating","29","10","40","79","4.4876595959959","4.027017544329","3"
"Kerala","2025","Monsoon","Submersible","68","41","58","167","10.221876429448","3.673106886959","2"
"Kerala","2025","Monsoon","Surface Suction","41","36","47","124","17.268631555788","1.836701417231","1"
"Kerala","2025","Monsoon","Floating","27","53","27","107","11.662115145598","5.308085068762","3"
"Kerala","2025","Winter","Submersible","45","27","57","129","5.2497001580118","4.4872928649363","1"
"Kerala","2025","Winter","Surface Suction","55","17","54","126","11.007025576775","4.0837326801442","2"
"Kerala","2025","Winter","Floating","13","48","39","100","6.4597936635374","6.3340731406658","2"
"Madhya Pradesh","2015","Summer","Submersible","52","23","41","116","5.3354412724785","1.7171852172825","1"
"Madhya Pradesh","2015","Summer","Surface Suction","47","13","34","94","7.7257541029109","3.1208391523643","1"
"Madhya Pradesh","2015","Summer","Floating","40","21","61","122","6.4146716462314","2.1535475108086","2"
"Madhya Pradesh","2015","Monsoon","Submersible","69","21","58","148","8.222268339897","3.66827666115","2"
"Madhya Pradesh","2015","Monsoon","Surface Suction","53","26","23","102","8.1021610917571","1.0162488989227","3"
"Madhya Pradesh","2015","Monsoon","Floating","69","48","53","170","1.2818942207235","4.5768558972994","2"
"Madhya Pradesh","2015","Winter","Submersible","60","43","63","166","13.743799929374","5.888762005142","1"
"Madhya Pradesh","2015","Winter","Surface Suction","59","41","22","122","18.756515999701","5.06286980003","3"
"Madhya Pradesh","2015","Winter","Floating","12","21","48","81","6.9564469486609","4.7214090937667","4"
"Madhya Pradesh","2016","Summer","Submersible","11","13","29","53","5.7945596747643","2.4325106265161","2"
"Madhya Pradesh","2016","Summer","Surface Suction","28","14","51","93","14.080629051833","2.3047175933034","3"
"Madhya Pradesh","2016","Summer","Floating","30","33","57","120","19.529130588708","6.7279981412744","3"
"Madhya Pradesh","2016","Monsoon","Submersible","13","46","59","118","14.332125979201","3.1519681781588","4"
"Madhya Pradesh","2016","Monsoon","Surface Suction","53","34","59","146","1.8297503677492","5.4796192278652","1"
"Madhya Pradesh","2016","Monsoon","Floating","36","15","36","87","3.6572905350974","2.3944242772865","1"
"Madhya Pradesh","2016","Winter","Submersible","50","11","32","93","8.1836517491698","2.9762756158125","3"
"Madhya Pradesh","2016","Winter","Surface Suction","68","35","41","144","6.0818927194257","5.8697620866691","3"
"Madhya Pradesh","2016","Winter","Floating","69","21","43","133","18.194873734254","6.1107420319632","1"
"Madhya Pradesh","2017","Summer","Submersible","50","54","31","135","10.629584925636","3.7477792869372","1"
"Madhya Pradesh","2017","Summer","Surface Suction","49","25","64","138","0.041530352001624","2.5642526447971","2"
"Madhya Pradesh","2017","Summer","Floating","20","16","29","65","12.634448366532","4.1124870826883","4"
"Madhya Pradesh","2017","Monsoon","Submersible","40","20","64","124","9.8400345886417","2.8614117024682","1"
"Madhya Pradesh","2017","Monsoon","Surface Suction","41","29","53","123","5.1621528634683","3.7839125046423","3"
"Madhya Pradesh","2017","Monsoon","Floating","48","26","64","138","17.354041958385","5.2457235144432","3"
"Madhya Pradesh","2017","Winter","Submersible","55","15","57","127","16.15914656218","5.606587706286","1"
"Madhya Pradesh","2017","Winter","Surface Suction","24","58","48","130","9.9909667040934","5.5886574527505","1"
"Madhya Pradesh","2017","Winter","Floating","31","59","24","114","0.6875371670345","4.8337781318397","1"
"Madhya Pradesh","2018","Summer","Submersible","46","39","50","135","5.9307517924052","2.5906795024909","3"
"Madhya Pradesh","2018","Summer","Surface Suction","57","53","37","147","4.4065478687517","1.619299893274","2"
"Madhya Pradesh","2018","Summer","Floating","44","43","47","134","10.483925421266","5.0016125053433","4"
"Madhya Pradesh","2018","Monsoon","Submersible","68","14","47","129","17.359991837902","5.9691152159407","4"
"Madhya Pradesh","2018","Monsoon","Surface Suction","36","39","64","139","0.98617974219649","2.5448752989548","2"
"Madhya Pradesh","2018","Monsoon","Floating","56","47","24","127","18.859655681423","4.6622563586902","3"
"Madhya Pradesh","2018","Winter","Submersible","41","35","50","126","11.443439235675","6.5940888498023","2"
"Madhya Pradesh","2018","Winter","Surface Suction","67","48","23","138","9.2800085639285","5.7345766698925","1"
"Madhya Pradesh","2018","Winter","Floating","61","20","52","133","19.963998153312","1.4497602608201","1"
"Madhya Pradesh","2019","Summer","Submersible","30","48","50","128","6.9556480609777","1.1298733680819","4"
"Madhya Pradesh","2019","Summer","Surface Suction","20","56","37","113","17.586489267251","4.0853620675959","3"
"Madhya Pradesh","2019","Summer","Floating","40","37","58","135","15.357527272674","5.5107675242035","4"
"Madhya Pradesh","2019","Monsoon","Submersible","12","11","37","60","1.2847715171425","4.5561763998573","2"
"Madhya Pradesh","2019","Monsoon","Surface Suction","14","18","21","53","9.272441486869","5.7056277958403","3"
"Madhya Pradesh","2019","Monsoon","Floating","19","59","31","109","7.9592069276151","6.5888739555801","3"
"Madhya Pradesh","2019","Winter","Submersible","15","57","22","94","9.5573470982627","3.1317038454215","1"
"Madhya Pradesh","2019","Winter","Surface Suction","30","54","45","129","14.306446210583","2.6088593776715","4"
"Madhya Pradesh","2019","Winter","Floating","14","24","35","73","0.79594254671305","4.5860940131408","4"
"Madhya Pradesh","2020","Summer","Submersible","56","40","32","128","8.9807552073992","3.7558221292784","1"
"Madhya Pradesh","2020","Summer","Surface Suction","11","36","57","104","10.020804739692","4.4365631977305","2"
"Madhya Pradesh","2020","Summer","Floating","55","34","30","119","7.0385954146355","3.676895538743","3"
"Madhya Pradesh","2020","Monsoon","Submersible","47","30","27","104","18.222410027839","5.9230450253927","4"
"Madhya Pradesh","2020","Monsoon","Surface Suction","65","29","27","121","16.874575854205","3.6282644554323","1"
"Madhya Pradesh","2020","Monsoon","Floating","38","57","28","123","1.8270648544711","5.5398792961144","1"
"Madhya Pradesh","2020","Winter","Submersible","63","25","55","143","3.7646439953809","2.105491909436","2"
"Madhya Pradesh","2020","Winter","Surface Suction","16","32","60","108","16.80696355177","1.1049892839243","4"
"Madhya Pradesh","2020","Winter","Floating","57","47","50","154","16.389913707721","2.9604333434118","1"
"Madhya Pradesh","2021","Summer","Submersible","66","36","43","145","19.331178371103","3.6444342465056","1"
"Madhya Pradesh","2021","Summer","Surface Suction","52","37","47","136","14.312414339436","5.1216486100211","2"
"Madhya Pradesh","2021","Summer","Floating","16","51","55","122","5.675958860831","5.1631789712544","2"
"Madhya Pradesh","2021","Monsoon","Submersible","34","18","46","98","19.254651677223","4.7700827052967","4"
"Madhya Pradesh","2021","Monsoon","Surface Suction","34","12","25","71","11.5751295272","4.7097101260823","2"
"Madhya Pradesh","2021","Monsoon","Floating","67","27","42","136","16.183896073135","5.0369901395226","4"
"Madhya Pradesh","2021","Winter","Submersible","48","33","39","120","12.808945479865","2.8849723830218","1"
"Madhya Pradesh","2021","Winter","Surface Suction","62","54","49","165","4.198360914961","5.7335621436933","3"
"Madhya Pradesh","2021","Winter","Floating","20","33","41","94","12.424530609603","1.2884738109187","1"
"Madhya Pradesh","2022","Summer","Submersible","10","33","29","72","15.179536637081","4.0037171940036","4"
"Madhya Pradesh","2022","Summer","Surface Suction","49","25","36","110","5.0675879765867","6.3704593549711","3"
"Madhya Pradesh","2022","Summer","Floating","66","43","30","139","16.653874926988","3.9604402024804","4"
"Madhya Pradesh","2022","Monsoon","Submersible","52","14","54","120","3.3084030425682","1.0139404367916","2"
"Madhya Pradesh","2022","Monsoon","Surface Suction","48","50","61","159","1.1089047140768","5.9982055836464","3"
"Madhya Pradesh","2022","Monsoon","Floating","12","21","26","59","17.574930473539","2.1800033943418","4"
"Madhya Pradesh","2022","Winter","Submersible","24","11","60","95","12.273663754575","2.3385180071738","4"
"Madhya Pradesh","2022","Winter","Surface Suction","59","45","51","155","13.536400872601","2.8095212192413","4"
"Madhya Pradesh","2022","Winter","Floating","44","57","49","150","1.8603481852535","1.86320779806","1"
"Madhya Pradesh","2023","Summer","Submersible","25","28","20","73","2.1444478841697","3.540892055496","4"
"Madhya Pradesh","2023","Summer","Surface Suction","52","54","56","162","1.9522007621798","2.0010914692335","4"
"Madhya Pradesh","2023","Summer","Floating","61","27","35","123","13.116415346548","4.2236540420082","1"
"Madhya Pradesh","2023","Monsoon","Submersible","45","53","58","156","0.35340089590868","1.6166094558987","2"
"Madhya Pradesh","2023","Monsoon","Surface Suction","30","26","35","91","10.210405225977","1.8435515090402","3"
"Madhya Pradesh","2023","Monsoon","Floating","23","58","56","137","3.6684728699591","1.0410444888902","2"
"Madhya Pradesh","2023","Winter","Submersible","68","42","54","164","4.5255466828761","1.7908409793801","3"
"Madhya Pradesh","2023","Winter","Surface Suction","29","11","60","100","15.613986083433","6.4611767448682","4"
"Madhya Pradesh","2023","Winter","Floating","13","21","48","82","8.6028546419365","3.6265903299288","3"
"Madhya Pradesh","2024","Summer","Submersible","14","26","61","101","8.985490939133","6.6429831910781","1"
"Madhya Pradesh","2024","Summer","Surface Suction","54","51","28","133","12.482268400913","3.8444575846471","2"
"Madhya Pradesh","2024","Summer","Floating","18","38","33","89","6.990456023388","2.8943267786229","2"
"Madhya Pradesh","2024","Monsoon","Submersible","38","24","48","110","5.9911263922979","3.7464629029973","1"
"Madhya Pradesh","2024","Monsoon","Surface Suction","53","48","35","136","18.708496488971","6.8788212122856","2"
"Madhya Pradesh","2024","Monsoon","Floating","51","47","64","162","11.591934548253","6.4756301612987","4"
"Madhya Pradesh","2024","Winter","Submersible","67","57","44","168","16.109920920645","1.4607741057204","3"
"Madhya Pradesh","2024","Winter","Surface Suction","23","42","47","112","4.7359517091236","1.5037753806804","2"
"Madhya Pradesh","2024","Winter","Floating","53","14","24","91","19.54876368408","6.7861194042159","4"
"Madhya Pradesh","2025","Summer","Submersible","42","12","49","103","4.2640786277827","5.6903739340286","2"
"Madhya Pradesh","2025","Summer","Surface Suction","66","39","28","133","6.8445104955781","6.8883000054477","2"
"Madhya Pradesh","2025","Summer","Floating","13","34","32","79","18.122018573609","1.8264045933269","3"
"Madhya Pradesh","2025","Monsoon","Submersible","18","11","60","89","13.158989715633","5.364862467979","3"
"Madhya Pradesh","2025","Monsoon","Surface Suction","11","41","37","89","6.1178962652304","3.898807873393","2"
"Madhya Pradesh","2025","Monsoon","Floating","53","19","62","134","7.2161262275601","5.5170848505483","2"
"Madhya Pradesh","2025","Winter","Submersible","16","15","22","53","19.924489860893","3.8472013757346","2"
"Madhya Pradesh","2025","Winter","Surface Suction","33","15","62","110","7.8059109442554","6.3461300978033","4"
"Madhya Pradesh","2025","Winter","Floating","58","45","21","124","4.975941275063","6.4612999297999","2"
"Maharashtra","2015","Summer","Submersible","30","45","59","134","0.57602361093037","4.8623188379497","1"
"Maharashtra","2015","Summer","Surface Suction","68","39","62","169","14.720708008521","2.9200966785244","4"
"Maharashtra","2015","Summer","Floating","43","56","28","127","3.8469272630783","5.3042366443778","3"
"Maharashtra","2015","Monsoon","Submersible","14","20","34","68","0.38198398707452","5.1387474838772","3"
"Maharashtra","2015","Monsoon","Surface Suction","49","41","45","135","8.7058544837527","4.1509233646698","2"
"Maharashtra","2015","Monsoon","Floating","51","38","58","147","14.928396600197","1.8731038023246","1"
"Maharashtra","2015","Winter","Submersible","28","42","35","105","16.262840089635","4.5305874427207","4"
"Maharashtra","2015","Winter","Surface Suction","17","14","61","92","12.560609291391","5.9796375592747","2"
"Maharashtra","2015","Winter","Floating","14","31","34","79","17.340232138212","5.015609750505","3"
"Maharashtra","2016","Summer","Submersible","42","52","37","131","4.0851293587279","4.7608157803891","4"
"Maharashtra","2016","Summer","Surface Suction","22","48","52","122","9.6036703052378","3.9153136371377","2"
"Maharashtra","2016","Summer","Floating","11","58","25","94","16.016361997195","3.706780418787","4"
"Maharashtra","2016","Monsoon","Submersible","27","36","60","123","9.847340974025","2.1538946367061","3"
"Maharashtra","2016","Monsoon","Surface Suction","38","15","33","86","6.7081362699269","6.7135840872002","3"
"Maharashtra","2016","Monsoon","Floating","21","44","33","98","10.858808889787","1.7762837018002","3"
"Maharashtra","2016","Winter","Submersible","49","59","44","152","12.459080883668","3.6812451712026","1"
"Maharashtra","2016","Winter","Surface Suction","64","18","34","116","9.3660118291277","6.1187690314614","2"
"Maharashtra","2016","Winter","Floating","60","43","54","157","10.345443395086","1.5052780670626","4"
"Maharashtra","2017","Summer","Submersible","68","15","38","121","2.1896473213799","6.7950200128455","4"
"Maharashtra","2017","Summer","Surface Suction","21","14","22","57","4.9090892507786","5.3053682958912","1"
"Maharashtra","2017","Summer","Floating","10","36","47","93","12.289989205104","6.3548145637121","1"
"Maharashtra","2017","Monsoon","Submersible","50","11","56","117","4.9657495926169","6.9280837723925","3"
"Maharashtra","2017","Monsoon","Surface Suction","31","45","30","106","13.69450327762","2.2724874248643","3"
"Maharashtra","2017","Monsoon","Floating","57","24","50","131","4.6865013130105","1.1179088964811","2"
"Maharashtra","2017","Winter","Submersible","58","41","21","120","5.3771382580834","6.9878647333496","3"
"Maharashtra","2017","Winter","Surface Suction","60","49","45","154","19.60522415633","4.9006793405153","4"
"Maharashtra","2017","Winter","Floating","34","57","20","111","2.4321051869611","4.7985107589774","2"
"Maharashtra","2018","Summer","Submersible","18","47","42","107","2.6804978863798","1.6945602774779","3"
"Maharashtra","2018","Summer","Surface Suction","51","15","63","129","9.6775452912852","6.3851939591325","3"
"Maharashtra","2018","Summer","Floating","68","49","22","139","16.510696830408","5.747864285876","4"
"Maharashtra","2018","Monsoon","Submersible","55","31","42","128","17.002654693701","2.7349020067249","3"
"Maharashtra","2018","Monsoon","Surface Suction","14","44","46","104","2.9981850649428","4.2254868283091","1"
"Maharashtra","2018","Monsoon","Floating","48","39","56","143","19.657202357108","4.2188223471308","3"
"Maharashtra","2018","Winter","Submersible","32","11","59","102","11.337168665882","6.5936013035258","3"
"Maharashtra","2018","Winter","Surface Suction","46","30","24","100","19.066327444019","6.4191441443367","4"
"Maharashtra","2018","Winter","Floating","47","29","44","120","10.064408297173","5.5908930991676","2"
"Maharashtra","2019","Summer","Submersible","50","12","52","114","10.730512167869","6.1596442851005","3"
"Maharashtra","2019","Summer","Surface Suction","21","57","44","122","1.6758194509652","4.8583659612402","2"
"Maharashtra","2019","Summer","Floating","14","43","41","98","5.3246300299762","1.1880560131532","2"
"Maharashtra","2019","Monsoon","Submersible","12","29","50","91","4.1306880794401","5.4101568946306","1"
"Maharashtra","2019","Monsoon","Surface Suction","17","33","39","89","10.924952002617","1.5368387368623","4"
"Maharashtra","2019","Monsoon","Floating","22","54","61","137","17.123072439893","1.5954259895181","4"
"Maharashtra","2019","Winter","Submersible","33","57","63","153","2.57805170147","5.3199808157647","4"
"Maharashtra","2019","Winter","Surface Suction","59","22","51","132","15.778279259317","2.4021426929522","3"
"Maharashtra","2019","Winter","Floating","14","31","35","80","14.273205662243","6.2420682073645","1"
"Maharashtra","2020","Summer","Submersible","27","16","23","66","11.871505088286","1.7626629452021","4"
"Maharashtra","2020","Summer","Surface Suction","44","35","37","116","9.0653492151004","6.1190548735468","3"
"Maharashtra","2020","Summer","Floating","58","42","44","144","3.8334263766055","3.8472661009513","3"
"Maharashtra","2020","Monsoon","Submersible","26","23","48","97","7.8838098919982","6.0892187713174","3"
"Maharashtra","2020","Monsoon","Surface Suction","65","22","37","124","9.8062497881966","6.0807100112185","3"
"Maharashtra","2020","Monsoon","Floating","49","27","28","104","6.6659971974105","3.9515681442348","1"
"Maharashtra","2020","Winter","Submersible","28","36","25","89","15.879101694312","3.9188965943945","4"
"Maharashtra","2020","Winter","Surface Suction","34","13","29","76","4.7769032080721","6.6956870305359","3"
"Maharashtra","2020","Winter","Floating","25","35","49","109","6.141754867205","1.2109555016272","4"
"Maharashtra","2021","Summer","Submersible","44","25","59","128","1.6402148241638","2.7909585884498","1"
"Maharashtra","2021","Summer","Surface Suction","59","52","55","166","5.5622433510761","2.1066111435056","2"
"Maharashtra","2021","Summer","Floating","33","36","39","108","14.62020698279","1.4597344119532","1"
"Maharashtra","2021","Monsoon","Submersible","47","12","39","98","15.517301304056","3.0323977346466","1"
"Maharashtra","2021","Monsoon","Surface Suction","46","15","64","125","14.839907822523","1.3136746196126","2"
"Maharashtra","2021","Monsoon","Floating","66","23","26","115","7.0505848260103","5.3361014468469","4"
"Maharashtra","2021","Winter","Submersible","68","40","48","156","2.5327425103675","2.0711187356356","4"
"Maharashtra","2021","Winter","Surface Suction","45","57","43","145","18.87532764424","6.8589379668873","1"
"Maharashtra","2021","Winter","Floating","68","41","37","146","2.5444977387402","6.4881673620223","1"
"Maharashtra","2022","Summer","Submersible","69","44","27","140","5.3009457481857","5.0323570159704","3"
"Maharashtra","2022","Summer","Surface Suction","39","37","54","130","7.66775727264","6.0229717851702","1"
"Maharashtra","2022","Summer","Floating","57","48","55","160","14.550728544603","1.6909347244172","3"
"Maharashtra","2022","Monsoon","Submersible","40","52","56","148","4.0142568582758","6.2809283974616","3"
"Maharashtra","2022","Monsoon","Surface Suction","35","53","21","109","12.411136940469","4.8301003907844","2"
"Maharashtra","2022","Monsoon","Floating","59","47","42","148","16.989288598571","4.1970827936996","4"
"Maharashtra","2022","Winter","Submersible","65","11","27","103","17.518660443724","5.6989601741674","3"
"Maharashtra","2022","Winter","Surface Suction","59","23","29","111","12.501831053731","6.6771213639476","3"
"Maharashtra","2022","Winter","Floating","53","21","22","96","1.0064586586933","1.3774448561081","4"
"Maharashtra","2023","Summer","Submersible","20","48","44","112","14.8670579114","5.3399818239638","3"
"Maharashtra","2023","Summer","Surface Suction","57","31","40","128","3.0957206969222","2.8070535219842","2"
"Maharashtra","2023","Summer","Floating","32","22","24","78","5.0932753177992","3.9337055586307","1"
"Maharashtra","2023","Monsoon","Submersible","66","44","56","166","12.990859172073","2.8157390975725","4"
"Maharashtra","2023","Monsoon","Surface Suction","60","58","36","154","16.728794747522","4.0716317840916","2"
"Maharashtra","2023","Monsoon","Floating","23","12","31","66","3.4162741261242","2.1861418186869","2"
"Maharashtra","2023","Winter","Submersible","24","32","48","104","4.2023555188043","1.6979903627996","4"
"Maharashtra","2023","Winter","Surface Suction","23","53","49","125","16.05394810672","5.7282108974501","3"
"Maharashtra","2023","Winter","Floating","33","15","46","94","2.9125729341085","5.1845897034232","4"
"Maharashtra","2024","Summer","Submersible","47","43","59","149","18.749623447982","5.1515641795996","2"
"Maharashtra","2024","Summer","Surface Suction","33","10","37","80","16.843874617462","2.2558364550053","4"
"Maharashtra","2024","Summer","Floating","49","16","42","107","17.880143958336","4.1302708082015","2"
"Maharashtra","2024","Monsoon","Submersible","44","38","61","143","5.1711452728049","3.0232749424377","2"
"Maharashtra","2024","Monsoon","Surface Suction","37","33","27","97","9.9303084446121","1.7399109464518","4"
"Maharashtra","2024","Monsoon","Floating","13","36","55","104","15.45680166853","5.8190230697964","2"
"Maharashtra","2024","Winter","Submersible","17","48","45","110","3.0282088787217","5.7907210303071","3"
"Maharashtra","2024","Winter","Surface Suction","49","37","58","144","7.334438171876","1.6348301491391","2"
"Maharashtra","2024","Winter","Floating","62","59","57","178","19.718683372498","5.6840924481272","4"
"Maharashtra","2025","Summer","Submersible","34","16","57","107","18.226836324328","4.324595682375","3"
"Maharashtra","2025","Summer","Surface Suction","56","51","39","146","3.1831816798766","3.124925180557","4"
"Maharashtra","2025","Summer","Floating","12","32","26","70","13.316616553037","2.2930771452866","2"
"Maharashtra","2025","Monsoon","Submersible","51","28","28","107","15.13853690254","4.64029721182","4"
"Maharashtra","2025","Monsoon","Surface Suction","54","51","44","149","14.402226670299","1.5168146292942","3"
"Maharashtra","2025","Monsoon","Floating","48","24","35","107","6.5549445179226","1.6936336636691","4"
"Maharashtra","2025","Winter","Submersible","60","28","47","135","13.269806902574","6.0177478786148","1"
"Maharashtra","2025","Winter","Surface Suction","57","19","38","114","17.030743437959","1.9396768893559","1"
"Maharashtra","2025","Winter","Floating","27","20","21","68","1.0170684727164","6.1813408179899","3"
"Manipur","2015","Summer","Submersible","49","53","48","150","18.81759812683","5.0251893220114","3"
"Manipur","2015","Summer","Surface Suction","11","38","52","101","16.710804490874","6.7696765505997","4"
"Manipur","2015","Summer","Floating","46","42","25","113","3.8988553794032","5.9612070830402","3"
"Manipur","2015","Monsoon","Submersible","41","36","20","97","14.272147325269","2.2450689723093","4"
"Manipur","2015","Monsoon","Surface Suction","41","14","36","91","8.6423247360386","6.7995446213399","2"
"Manipur","2015","Monsoon","Floating","18","32","54","104","19.28864359136","5.3072234833116","2"
"Manipur","2015","Winter","Submersible","29","59","44","132","5.8758894130866","5.0323152430322","2"
"Manipur","2015","Winter","Surface Suction","33","43","41","117","15.658472285151","3.6559290895626","3"
"Manipur","2015","Winter","Floating","44","58","57","159","11.312070554961","4.0234781522836","4"
"Manipur","2016","Summer","Submersible","49","43","51","143","12.021823347926","6.0916393113927","1"
"Manipur","2016","Summer","Surface Suction","56","55","35","146","6.3290915306692","3.0531184345519","1"
"Manipur","2016","Summer","Floating","38","22","40","100","6.2912830185473","1.506225378631","2"
"Manipur","2016","Monsoon","Submersible","65","22","20","107","1.5344679891205","3.5577863044206","4"
"Manipur","2016","Monsoon","Surface Suction","19","18","60","97","8.1739912454187","3.8000989349852","1"
"Manipur","2016","Monsoon","Floating","58","58","44","160","14.343628940935","4.2285679847267","3"
"Manipur","2016","Winter","Submersible","62","35","33","130","14.895014632598","2.009419474651","4"
"Manipur","2016","Winter","Surface Suction","63","13","49","125","13.296359814325","1.631317331429","4"
"Manipur","2016","Winter","Floating","40","47","62","149","16.115278365867","5.9514919999131","3"
"Manipur","2017","Summer","Submersible","31","38","30","99","13.957287907043","2.6095021535339","4"
"Manipur","2017","Summer","Surface Suction","68","48","31","147","0.20228863321672","1.8928522871091","3"
"Manipur","2017","Summer","Floating","51","57","45","153","10.811053507778","3.7492288315133","1"
"Manipur","2017","Monsoon","Submersible","22","45","44","111","9.31451155335","2.4414701107858","1"
"Manipur","2017","Monsoon","Surface Suction","40","38","47","125","16.01605375957","4.7927345706941","4"
"Manipur","2017","Monsoon","Floating","24","42","39","105","18.318699250223","4.6927085223064","3"
"Manipur","2017","Winter","Submersible","17","41","33","91","4.186967987682","1.2365055107222","1"
"Manipur","2017","Winter","Surface Suction","54","40","56","150","19.357291319027","6.3390183645299","1"
"Manipur","2017","Winter","Floating","22","37","62","121","0.55682102525173","2.4799386810687","3"
"Manipur","2018","Summer","Submersible","16","47","51","114","11.145036666368","5.4558159380901","1"
"Manipur","2018","Summer","Surface Suction","64","59","41","164","1.7628448678158","3.4819931414992","3"
"Manipur","2018","Summer","Floating","42","55","36","133","19.812854743444","2.6673467559265","2"
"Manipur","2018","Monsoon","Submersible","36","57","27","120","8.8120622811835","6.1417007792163","1"
"Manipur","2018","Monsoon","Surface Suction","68","38","39","145","19.204361447656","4.9620149830848","4"
"Manipur","2018","Monsoon","Floating","65","17","57","139","8.2746579516066","2.795490515561","4"
"Manipur","2018","Winter","Submersible","35","40","63","138","4.1044017458814","2.1371142594243","3"
"Manipur","2018","Winter","Surface Suction","18","48","61","127","17.718442288868","5.6495708338357","3"
"Manipur","2018","Winter","Floating","27","24","51","102","5.3883577865914","6.3246501445149","4"
"Manipur","2019","Summer","Submersible","44","43","57","144","11.734962379347","1.617430530052","1"
"Manipur","2019","Summer","Surface Suction","27","25","27","79","15.688113312168","3.9573777135076","4"
"Manipur","2019","Summer","Floating","31","40","62","133","5.0428791167789","3.9448618076083","1"
"Manipur","2019","Monsoon","Submersible","37","15","39","91","11.054077800911","1.6884517500292","3"
"Manipur","2019","Monsoon","Surface Suction","38","25","41","104","0.42073804920937","5.3370352234013","3"
"Manipur","2019","Monsoon","Floating","23","48","56","127","10.783875882546","6.8128881434668","4"
"Manipur","2019","Winter","Submersible","42","40","63","145","16.821923412322","6.9810957056886","1"
"Manipur","2019","Winter","Surface Suction","63","32","26","121","1.2495952271564","5.3273468049935","3"
"Manipur","2019","Winter","Floating","47","29","53","129","19.637942800705","5.1466352203231","2"
"Manipur","2020","Summer","Submersible","26","19","54","99","16.229318783034","1.3321589016305","4"
"Manipur","2020","Summer","Surface Suction","36","58","55","149","14.526070007376","2.318092800255","3"
"Manipur","2020","Summer","Floating","47","15","60","122","14.279158957295","6.5479516574935","1"
"Manipur","2020","Monsoon","Submersible","26","49","59","134","10.56355442846","1.7612369683786","3"
"Manipur","2020","Monsoon","Surface Suction","12","27","38","77","19.408770977682","1.6743155937492","4"
"Manipur","2020","Monsoon","Floating","27","57","62","146","8.4874405210727","5.2881765340397","4"
"Manipur","2020","Winter","Submersible","54","19","26","99","8.2163279113486","2.3061987931434","4"
"Manipur","2020","Winter","Surface Suction","30","46","43","119","8.2266058066247","1.8713501194915","2"
"Manipur","2020","Winter","Floating","26","38","49","113","12.153712821016","6.9003233227634","4"
"Manipur","2021","Summer","Submersible","20","18","31","69","13.167991907541","2.7206012653473","4"
"Manipur","2021","Summer","Surface Suction","66","22","42","130","6.9774083321058","6.5390122705251","4"
"Manipur","2021","Summer","Floating","25","42","31","98","0.60915616140994","1.5452592302179","1"
"Manipur","2021","Monsoon","Submersible","22","40","21","83","4.1883534164371","4.2225007335406","2"
"Manipur","2021","Monsoon","Surface Suction","48","13","30","91","9.4339753378242","6.7587027186263","3"
"Manipur","2021","Monsoon","Floating","22","46","36","104","14.595410231474","5.4127811715861","3"
"Manipur","2021","Winter","Submersible","47","17","32","96","17.167388134393","2.3956231728925","3"
"Manipur","2021","Winter","Surface Suction","33","15","45","93","1.5082435198558","2.5021523774251","2"
"Manipur","2021","Winter","Floating","52","38","62","152","9.1988390258793","4.6418386976456","2"
"Manipur","2022","Summer","Submersible","15","58","56","129","6.7278744680582","4.1141301614713","1"
"Manipur","2022","Summer","Surface Suction","34","42","20","96","10.055668836934","1.8666189049305","4"
"Manipur","2022","Summer","Floating","20","42","20","82","10.436617506104","4.5139260125728","4"
"Manipur","2022","Monsoon","Submersible","12","27","60","99","14.260285837235","3.1977183172391","3"
"Manipur","2022","Monsoon","Surface Suction","55","38","55","148","19.103503209563","2.4409095761321","2"
"Manipur","2022","Monsoon","Floating","34","11","41","86","3.0968278929491","3.1371636607683","4"
"Manipur","2022","Winter","Submersible","30","22","56","108","6.8229865163937","5.4850778234949","3"
"Manipur","2022","Winter","Surface Suction","29","42","33","104","3.3884480418649","4.8209287857061","2"
"Manipur","2022","Winter","Floating","25","55","35","115","1.2001638517802","3.2573762701671","4"
"Manipur","2023","Summer","Submersible","33","12","44","89","13.242236516164","6.4755960735483","2"
"Manipur","2023","Summer","Surface Suction","69","19","37","125","8.752926053152","3.0381557108775","1"
"Manipur","2023","Summer","Floating","42","14","45","101","4.997752128618","3.1374993676227","2"
"Manipur","2023","Monsoon","Submersible","33","12","49","94","7.8065155852311","6.4543752573804","4"
"Manipur","2023","Monsoon","Surface Suction","37","53","48","138","18.038191434978","3.6781274765796","1"
"Manipur","2023","Monsoon","Floating","66","32","39","137","4.2455503057103","4.1208090867081","2"
"Manipur","2023","Winter","Submersible","19","19","62","100","16.371864607462","6.3976035685794","4"
"Manipur","2023","Winter","Surface Suction","52","32","46","130","15.281911731578","2.4868746574414","2"
"Manipur","2023","Winter","Floating","10","15","41","66","13.255714654873","4.5410246418985","3"
"Manipur","2024","Summer","Submersible","35","17","43","95","2.2646244651825","3.4381984316648","2"
"Manipur","2024","Summer","Surface Suction","44","51","20","115","16.367212827904","2.0300691702593","4"
"Manipur","2024","Summer","Floating","47","20","31","98","11.117416283979","5.1971672224154","3"
"Manipur","2024","Monsoon","Submersible","45","40","52","137","18.59583445261","6.6871806519944","4"
"Manipur","2024","Monsoon","Surface Suction","33","18","50","101","11.747397371512","1.5124149057452","4"
"Manipur","2024","Monsoon","Floating","11","47","34","92","15.882691234645","3.9675823165826","3"
"Manipur","2024","Winter","Submersible","65","20","34","119","5.2616005984838","5.3463181359883","2"
"Manipur","2024","Winter","Surface Suction","56","59","26","141","3.9600606061511","3.628130778102","1"
"Manipur","2024","Winter","Floating","33","11","59","103","11.711225869949","4.1270423494812","3"
"Manipur","2025","Summer","Submersible","47","39","61","147","14.588308974531","4.3583046155699","4"
"Manipur","2025","Summer","Surface Suction","10","28","21","59","7.7611694852191","5.7757905376036","1"
"Manipur","2025","Summer","Floating","33","13","31","77","14.888843356751","1.9118810948443","2"
"Manipur","2025","Monsoon","Submersible","42","33","33","108","17.466217465155","1.2498641340399","4"
"Manipur","2025","Monsoon","Surface Suction","40","22","35","97","12.675665694946","2.5192069802199","2"
"Manipur","2025","Monsoon","Floating","11","25","57","93","13.108719568813","2.3991253265297","3"
"Manipur","2025","Winter","Submersible","44","52","48","144","13.882633079525","1.0967478782333","3"
"Manipur","2025","Winter","Surface Suction","51","37","48","136","10.86968857166","1.4364175706632","3"
"Manipur","2025","Winter","Floating","51","23","31","105","13.54075629764","5.8192727394646","4"
"Meghalaya","2015","Summer","Submersible","51","41","45","137","13.2372062443","3.133178782912","2"
"Meghalaya","2015","Summer","Surface Suction","51","11","36","98","11.42425835503","5.4723864348492","4"
"Meghalaya","2015","Summer","Floating","36","18","41","95","9.1869202034565","5.9077809660949","1"
"Meghalaya","2015","Monsoon","Submersible","29","28","55","112","4.5464414214005","3.0354240431732","1"
"Meghalaya","2015","Monsoon","Surface Suction","50","31","37","118","16.474889238246","6.1421741699835","1"
"Meghalaya","2015","Monsoon","Floating","15","28","26","69","9.3720362024302","4.5478068935395","3"
"Meghalaya","2015","Winter","Submersible","46","48","38","132","14.914674673627","1.210941952291","4"
"Meghalaya","2015","Winter","Surface Suction","35","31","27","93","1.7940183802969","6.7692623372867","2"
"Meghalaya","2015","Winter","Floating","56","29","37","122","0.22026716671215","3.4998162244825","4"
"Meghalaya","2016","Summer","Submersible","13","46","23","82","14.175985298123","2.0672787727638","1"
"Meghalaya","2016","Summer","Surface Suction","68","33","21","122","2.8569181518385","5.5855095884164","1"
"Meghalaya","2016","Summer","Floating","37","44","58","139","9.5421963538785","6.9673855401071","1"
"Meghalaya","2016","Monsoon","Submersible","18","56","34","108","19.995031268581","5.3495871851177","2"
"Meghalaya","2016","Monsoon","Surface Suction","31","50","42","123","1.729150142403","1.0085700584751","1"
"Meghalaya","2016","Monsoon","Floating","36","50","25","111","11.446303712602","6.9952437936606","4"
"Meghalaya","2016","Winter","Submersible","58","42","25","125","1.2900151737312","6.835134973802","2"
"Meghalaya","2016","Winter","Surface Suction","38","23","55","116","4.6457930819291","6.2877852736846","2"
"Meghalaya","2016","Winter","Floating","45","57","40","142","17.400498510403","4.8166338078617","2"
"Meghalaya","2017","Summer","Submersible","21","25","59","105","3.1383454407445","1.0901352518834","3"
"Meghalaya","2017","Summer","Surface Suction","27","19","61","107","2.765663468095","3.5567342258349","1"
"Meghalaya","2017","Summer","Floating","10","24","23","57","5.4882344200075","3.4001778159177","3"
"Meghalaya","2017","Monsoon","Submersible","50","43","52","145","11.0109060124","5.9553293585609","2"
"Meghalaya","2017","Monsoon","Surface Suction","29","10","32","71","6.3382602763709","3.8043240126876","1"
"Meghalaya","2017","Monsoon","Floating","37","40","42","119","6.2568925601134","1.5882672286656","1"
"Meghalaya","2017","Winter","Submersible","43","22","33","98","2.2108633261716","2.3163363351775","3"
"Meghalaya","2017","Winter","Surface Suction","68","40","36","144","14.789493077682","3.5579097639442","1"
"Meghalaya","2017","Winter","Floating","22","59","24","105","1.9952711540568","1.3270713394652","3"
"Meghalaya","2018","Summer","Submersible","29","57","28","114","10.173679013682","1.3282850490018","4"
"Meghalaya","2018","Summer","Surface Suction","63","34","22","119","14.195701004479","3.893351382024","2"
"Meghalaya","2018","Summer","Floating","43","52","29","124","19.315408877686","2.291614274715","2"
"Meghalaya","2018","Monsoon","Submersible","39","11","51","101","4.270749557679","5.0565582049875","1"
"Meghalaya","2018","Monsoon","Surface Suction","17","57","32","106","7.7524925040492","2.9391654991443","2"
"Meghalaya","2018","Monsoon","Floating","55","14","38","107","7.3327540019291","4.7147284002802","1"
"Meghalaya","2018","Winter","Submersible","52","29","39","120","18.294986574553","2.0017010742068","2"
"Meghalaya","2018","Winter","Surface Suction","43","35","49","127","18.188873280733","2.1617428587728","2"
"Meghalaya","2018","Winter","Floating","64","13","25","102","1.4347068749485","2.3605517044031","4"
"Meghalaya","2019","Summer","Submersible","48","26","38","112","15.625812948114","1.1164074737093","3"
"Meghalaya","2019","Summer","Surface Suction","38","20","35","93","5.5038042354695","6.4575201703227","4"
"Meghalaya","2019","Summer","Floating","16","35","41","92","17.456604683066","5.887391272681","2"
"Meghalaya","2019","Monsoon","Submersible","50","45","42","137","14.302735536224","2.8897123715126","2"
"Meghalaya","2019","Monsoon","Surface Suction","25","18","47","90","5.2795103941966","3.5650453455559","3"
"Meghalaya","2019","Monsoon","Floating","30","41","53","124","17.118503791826","3.6080688898988","2"
"Meghalaya","2019","Winter","Submersible","47","41","59","147","14.083511123894","1.1787430241957","1"
"Meghalaya","2019","Winter","Surface Suction","50","19","23","92","9.309739448794","6.6591750981607","3"
"Meghalaya","2019","Winter","Floating","23","47","31","101","7.1643808248615","1.8963963307226","2"
"Meghalaya","2020","Summer","Submersible","20","50","22","92","9.5409645035871","6.0093965701863","2"
"Meghalaya","2020","Summer","Surface Suction","43","58","50","151","16.134156154901","1.0219378680679","4"
"Meghalaya","2020","Summer","Floating","27","39","44","110","4.5943256736646","2.1974296953756","4"
"Meghalaya","2020","Monsoon","Submersible","17","40","22","79","5.2502058096633","1.3140830705879","1"
"Meghalaya","2020","Monsoon","Surface Suction","45","26","33","104","17.029783632931","3.8983974711598","1"
"Meghalaya","2020","Monsoon","Floating","21","46","51","118","4.0112931917614","2.2921556971277","3"
"Meghalaya","2020","Winter","Submersible","55","20","27","102","13.446536199873","4.1872062809176","2"
"Meghalaya","2020","Winter","Surface Suction","56","39","63","158","17.320463813612","2.0330121313159","4"
"Meghalaya","2020","Winter","Floating","29","13","30","72","0.79115013125226","3.4182325474428","4"
"Meghalaya","2021","Summer","Submersible","18","22","45","85","6.4112644872185","1.5611207415875","4"
"Meghalaya","2021","Summer","Surface Suction","67","28","43","138","18.952473170413","3.8510251961358","2"
"Meghalaya","2021","Summer","Floating","37","11","29","77","15.143782393639","2.8338909810171","1"
"Meghalaya","2021","Monsoon","Submersible","42","23","39","104","1.4477879652862","2.7422092749161","4"
"Meghalaya","2021","Monsoon","Surface Suction","39","22","35","96","15.05454275652","3.8426397550865","4"
"Meghalaya","2021","Monsoon","Floating","61","12","31","104","17.750838154528","4.8475942555412","3"
"Meghalaya","2021","Winter","Submersible","62","58","62","182","10.178835620186","2.9142635792368","2"
"Meghalaya","2021","Winter","Surface Suction","68","21","34","123","17.413429364286","3.5309790131359","3"
"Meghalaya","2021","Winter","Floating","23","39","52","114","17.008589753579","3.4859620841212","3"
"Meghalaya","2022","Summer","Submersible","61","51","57","169","12.852558704219","6.0990556275821","4"
"Meghalaya","2022","Summer","Surface Suction","20","38","50","108","7.580116663564","3.1214507417936","4"
"Meghalaya","2022","Summer","Floating","66","28","21","115","10.173838814588","5.3267365366886","1"
"Meghalaya","2022","Monsoon","Submersible","55","18","53","126","9.4515170608771","6.2644440723709","1"
"Meghalaya","2022","Monsoon","Surface Suction","34","17","35","86","7.3797522531551","6.1277141547309","1"
"Meghalaya","2022","Monsoon","Floating","24","10","41","75","13.877530706432","1.9577965406406","4"
"Meghalaya","2022","Winter","Submersible","27","56","60","143","9.112512307104","5.2345543062219","3"
"Meghalaya","2022","Winter","Surface Suction","56","10","46","112","13.22700279754","3.3519882633349","1"
"Meghalaya","2022","Winter","Floating","16","28","48","92","6.9221700032882","6.0153304487575","3"
"Meghalaya","2023","Summer","Submersible","21","39","39","99","4.9745078758125","1.0929894509571","1"
"Meghalaya","2023","Summer","Surface Suction","48","35","21","104","14.182543829719","1.1263467013379","4"
"Meghalaya","2023","Summer","Floating","18","22","47","87","1.4661163622744","6.3650929516994","1"
"Meghalaya","2023","Monsoon","Submersible","47","45","20","112","6.1946649789202","6.1525121536551","1"
"Meghalaya","2023","Monsoon","Surface Suction","49","54","34","137","0.80138172696533","6.9059318728842","1"
"Meghalaya","2023","Monsoon","Floating","33","45","60","138","5.6857657819092","4.5146696255863","1"
"Meghalaya","2023","Winter","Submersible","54","53","30","137","16.722372310901","2.5898023693327","4"
"Meghalaya","2023","Winter","Surface Suction","57","46","39","142","5.320427534576","4.544895249373","3"
"Meghalaya","2023","Winter","Floating","18","59","44","121","13.764378388155","5.7100410172496","2"
"Meghalaya","2024","Summer","Submersible","10","26","44","80","8.9513990101594","5.9765732226039","1"
"Meghalaya","2024","Summer","Surface Suction","44","28","42","114","5.4558778539969","3.7813085073119","4"
"Meghalaya","2024","Summer","Floating","42","11","33","86","11.118240341486","3.4238576998185","1"
"Meghalaya","2024","Monsoon","Submersible","25","24","45","94","5.6749101992091","3.6194903304509","1"
"Meghalaya","2024","Monsoon","Surface Suction","33","56","34","123","0.68595802606623","3.9853965003324","3"
"Meghalaya","2024","Monsoon","Floating","19","44","42","105","7.300951333852","3.594623000299","4"
"Meghalaya","2024","Winter","Submersible","23","51","48","122","3.652502605062","4.4438510501905","4"
"Meghalaya","2024","Winter","Surface Suction","42","58","45","145","14.765910209566","3.0136554654454","4"
"Meghalaya","2024","Winter","Floating","61","24","32","117","9.6836899664519","4.8886127635664","4"
"Meghalaya","2025","Summer","Submersible","54","33","30","117","12.371702981442","2.8590827005197","1"
"Meghalaya","2025","Summer","Surface Suction","36","18","47","101","9.0462807010267","1.2590217451776","2"
"Meghalaya","2025","Summer","Floating","46","38","37","121","13.084599559997","2.6525794218368","2"
"Meghalaya","2025","Monsoon","Submersible","49","21","33","103","19.180483519459","4.680411079133","4"
"Meghalaya","2025","Monsoon","Surface Suction","24","40","26","90","0.56382680894444","2.4684704778216","4"
"Meghalaya","2025","Monsoon","Floating","48","37","49","134","4.2408969876595","1.6305853012818","3"
"Meghalaya","2025","Winter","Submersible","24","30","56","110","18.161673741197","5.8262464848262","1"
"Meghalaya","2025","Winter","Surface Suction","48","51","47","146","2.2653950612937","5.6372834647811","4"
"Meghalaya","2025","Winter","Floating","53","31","43","127","11.678530783955","1.4945996321139","1"
"Mizoram","2015","Summer","Submersible","25","31","62","118","15.046703559558","6.4695473668368","4"
"Mizoram","2015","Summer","Surface Suction","15","39","58","112","15.279263926512","1.0304728778544","3"
"Mizoram","2015","Summer","Floating","66","54","28","148","19.682377676525","5.4175236877628","2"
"Mizoram","2015","Monsoon","Submersible","12","44","52","108","9.4332636557032","4.429766160167","2"
"Mizoram","2015","Monsoon","Surface Suction","41","44","34","119","15.076274259567","2.3143550383593","1"
"Mizoram","2015","Monsoon","Floating","30","42","51","123","15.399472364132","1.6237562554743","3"
"Mizoram","2015","Winter","Submersible","30","43","34","107","16.455204860647","4.1099435382389","3"
"Mizoram","2015","Winter","Surface Suction","15","18","56","89","14.741270352884","1.4206088816047","2"
"Mizoram","2015","Winter","Floating","37","18","51","106","1.0393219626236","6.1584868341104","2"
"Mizoram","2016","Summer","Submersible","23","37","43","103","18.099237603398","5.907103980489","3"
"Mizoram","2016","Summer","Surface Suction","28","30","46","104","7.1278099859981","1.6056860898162","1"
"Mizoram","2016","Summer","Floating","37","55","37","129","4.2105697688123","4.0086488421875","1"
"Mizoram","2016","Monsoon","Submersible","13","53","64","130","15.601680474699","5.6273488917424","2"
"Mizoram","2016","Monsoon","Surface Suction","34","40","22","96","11.851363655297","3.2795457457721","1"
"Mizoram","2016","Monsoon","Floating","15","35","27","77","11.197810636916","3.9184302132171","2"
"Mizoram","2016","Winter","Submersible","10","57","58","125","17.732309779787","2.5782170652336","1"
"Mizoram","2016","Winter","Surface Suction","60","24","27","111","5.3017833750407","5.4058599338986","3"
"Mizoram","2016","Winter","Floating","35","48","29","112","1.6547660697414","6.4905000001484","3"
"Mizoram","2017","Summer","Submersible","39","14","50","103","8.1327305376994","3.2989868113548","2"
"Mizoram","2017","Summer","Surface Suction","48","33","53","134","3.4153652000667","2.6032593729164","4"
"Mizoram","2017","Summer","Floating","15","47","60","122","12.23311351292","4.3944838393069","1"
"Mizoram","2017","Monsoon","Submersible","26","16","46","88","10.972686103892","6.8403657486163","1"
"Mizoram","2017","Monsoon","Surface Suction","20","54","45","119","17.901703455326","6.8323208477409","1"
"Mizoram","2017","Monsoon","Floating","51","13","37","101","11.231687219338","1.4388550568697","3"
"Mizoram","2017","Winter","Submersible","69","19","28","116","17.752166589879","3.2071041676448","1"
"Mizoram","2017","Winter","Surface Suction","12","23","44","79","8.6809773695636","5.9165671220222","4"
"Mizoram","2017","Winter","Floating","57","16","55","128","10.638659551056","2.7070717584547","2"
"Mizoram","2018","Summer","Submersible","39","36","58","133","17.255415549185","1.9774159268644","4"
"Mizoram","2018","Summer","Surface Suction","13","38","20","71","16.664193759156","6.5764453964212","3"
"Mizoram","2018","Summer","Floating","19","26","55","100","19.642703688723","6.8981199884582","1"
"Mizoram","2018","Monsoon","Submersible","22","18","30","70","6.5155908749124","5.9020029009858","2"
"Mizoram","2018","Monsoon","Surface Suction","22","31","50","103","1.5849921225986","2.1489376894487","2"
"Mizoram","2018","Monsoon","Floating","61","23","24","108","2.5230619257563","1.7397035647145","4"
"Mizoram","2018","Winter","Submersible","16","51","29","96","17.500173994879","2.808737118464","4"
"Mizoram","2018","Winter","Surface Suction","22","10","20","52","12.120276638722","4.421875046959","2"
"Mizoram","2018","Winter","Floating","22","37","52","111","10.549918891165","5.9490229563744","1"
"Mizoram","2019","Summer","Submersible","58","57","27","142","18.996584109727","4.3289547790198","4"
"Mizoram","2019","Summer","Surface Suction","14","33","25","72","2.1226003861804","3.9566880751897","4"
"Mizoram","2019","Summer","Floating","51","51","22","124","3.1704046805482","3.9248070127838","1"
"Mizoram","2019","Monsoon","Submersible","59","11","28","98","2.5807281777885","3.5818985682543","4"
"Mizoram","2019","Monsoon","Surface Suction","26","58","31","115","1.4396163692664","2.5400835499016","3"
"Mizoram","2019","Monsoon","Floating","66","59","23","148","8.0478712962886","1.9087457344025","2"
"Mizoram","2019","Winter","Submersible","24","42","35","101","5.2802569214379","1.0323912531021","4"
"Mizoram","2019","Winter","Surface Suction","63","25","49","137","2.3984371785426","2.924398554068","1"
"Mizoram","2019","Winter","Floating","31","21","36","88","12.153918069952","3.416027249524","3"
"Mizoram","2020","Summer","Submersible","39","36","41","116","4.291296401857","5.4289045290501","3"
"Mizoram","2020","Summer","Surface Suction","21","55","50","126","4.3048764100191","6.1697497005039","1"
"Mizoram","2020","Summer","Floating","44","55","40","139","4.68115550035","1.2986860091383","3"
"Mizoram","2020","Monsoon","Submersible","61","34","50","145","2.8530870294632","4.0544909713988","2"
"Mizoram","2020","Monsoon","Surface Suction","63","26","64","153","2.563702205982","1.7375312799938","2"
"Mizoram","2020","Monsoon","Floating","31","52","46","129","6.5864255496501","1.2532028114878","4"
"Mizoram","2020","Winter","Submersible","25","25","40","90","3.3688110226383","5.5627876376564","2"
"Mizoram","2020","Winter","Surface Suction","26","54","45","125","3.942120776473","6.2521794394046","4"
"Mizoram","2020","Winter","Floating","37","10","63","110","10.812219886495","6.0976010498947","1"
"Mizoram","2021","Summer","Submersible","49","47","40","136","9.8649498605197","4.4747788242103","1"
"Mizoram","2021","Summer","Surface Suction","25","25","21","71","10.383260791491","2.7883454307689","2"
"Mizoram","2021","Summer","Floating","51","22","36","109","1.573953503908","4.1638653738544","4"
"Mizoram","2021","Monsoon","Submersible","22","28","26","76","1.7844433611448","3.5858983770835","4"
"Mizoram","2021","Monsoon","Surface Suction","31","27","42","100","11.595329148685","4.7136109765806","3"
"Mizoram","2021","Monsoon","Floating","42","23","35","100","0.4841208884506","3.0916148166571","3"
"Mizoram","2021","Winter","Submersible","40","57","33","130","5.5643437413764","1.3696479117548","3"
"Mizoram","2021","Winter","Surface Suction","26","35","25","86","13.792770393178","2.8083507745982","1"
"Mizoram","2021","Winter","Floating","40","21","42","103","9.3808009333193","4.0265484763806","3"
"Mizoram","2022","Summer","Submersible","45","45","22","112","19.413360555877","2.054291475021","1"
"Mizoram","2022","Summer","Surface Suction","48","35","23","106","8.9337744348933","2.5248836807669","1"
"Mizoram","2022","Summer","Floating","28","30","37","95","17.27909644019","2.7931791327212","1"
"Mizoram","2022","Monsoon","Submersible","53","41","29","123","12.325080811416","3.6631359468434","4"
"Mizoram","2022","Monsoon","Surface Suction","67","37","23","127","10.542967632505","5.4053668071165","2"
"Mizoram","2022","Monsoon","Floating","56","51","42","149","5.7244861447999","3.7606157593461","1"
"Mizoram","2022","Winter","Submersible","67","40","63","170","16.858999862782","4.1227365528363","3"
"Mizoram","2022","Winter","Surface Suction","38","34","52","124","0.70349263063193","6.4709295618205","2"
"Mizoram","2022","Winter","Floating","13","58","33","104","15.07220262956","6.7338367703405","4"
"Mizoram","2023","Summer","Submersible","12","32","40","84","15.212131627801","2.0092665546013","1"
"Mizoram","2023","Summer","Surface Suction","52","40","40","132","17.852226560883","3.7518993884865","2"
"Mizoram","2023","Summer","Floating","33","20","60","113","1.879818588332","2.744333845724","3"
"Mizoram","2023","Monsoon","Submersible","10","28","41","79","7.3455540256142","6.4828871357497","2"
"Mizoram","2023","Monsoon","Surface Suction","53","25","52","130","7.6706902486795","6.0197212622059","3"
"Mizoram","2023","Monsoon","Floating","60","47","58","165","6.6828604476772","5.9074250609946","2"
"Mizoram","2023","Winter","Submersible","40","25","50","115","10.254997995879","3.3895014091805","1"
"Mizoram","2023","Winter","Surface Suction","61","19","43","123","0.25530853035795","6.2293111387495","3"
"Mizoram","2023","Winter","Floating","68","59","53","180","14.50956068031","1.4863573832656","1"
"Mizoram","2024","Summer","Submersible","41","22","52","115","17.554259213939","5.8788999301829","4"
"Mizoram","2024","Summer","Surface Suction","12","16","43","71","17.174847930266","5.1602914036891","3"
"Mizoram","2024","Summer","Floating","39","27","51","117","1.5667643552401","1.4354487882683","1"
"Mizoram","2024","Monsoon","Submersible","58","37","27","122","8.0971977923629","4.0381033196849","1"
"Mizoram","2024","Monsoon","Surface Suction","42","14","57","113","11.136367205566","6.6782719201502","4"
"Mizoram","2024","Monsoon","Floating","48","35","52","135","18.608972010901","6.0215669970677","1"
"Mizoram","2024","Winter","Submersible","54","35","42","131","9.7661928565169","3.0263148673733","2"
"Mizoram","2024","Winter","Surface Suction","21","10","61","92","15.678571769056","2.9476527885817","2"
"Mizoram","2024","Winter","Floating","18","51","35","104","14.572303135856","3.129074340584","3"
"Mizoram","2025","Summer","Submersible","43","42","43","128","16.919305121971","3.5650342222802","4"
"Mizoram","2025","Summer","Surface Suction","30","28","44","102","4.491647653078","4.0011876131367","4"
"Mizoram","2025","Summer","Floating","30","48","39","117","16.534848571517","5.9846043315686","1"
"Mizoram","2025","Monsoon","Submersible","34","42","21","97","15.435658781367","3.5074449027725","1"
"Mizoram","2025","Monsoon","Surface Suction","51","38","25","114","9.179394361307","2.4305630737209","4"
"Mizoram","2025","Monsoon","Floating","39","29","22","90","2.1053032496085","4.4360968951401","4"
"Mizoram","2025","Winter","Submersible","45","17","36","98","12.611773946171","3.6975934360464","1"
"Mizoram","2025","Winter","Surface Suction","36","54","23","113","10.571684028749","5.863623089561","4"
"Mizoram","2025","Winter","Floating","55","44","56","155","2.2677419110515","5.3236977439823","3"
"Nagaland","2015","Summer","Submersible","21","20","43","84","16.644782134169","2.6487868646074","4"
"Nagaland","2015","Summer","Surface Suction","31","43","38","112","19.027927449688","4.7338998234913","1"
"Nagaland","2015","Summer","Floating","19","25","23","67","11.61593659707","5.2863253722238","4"
"Nagaland","2015","Monsoon","Submersible","68","42","38","148","7.8868229270133","1.0077065531608","1"
"Nagaland","2015","Monsoon","Surface Suction","36","26","63","125","13.502597716888","3.5046897033788","2"
"Nagaland","2015","Monsoon","Floating","68","42","20","130","8.8870439219499","6.6639754402637","1"
"Nagaland","2015","Winter","Submersible","68","25","37","130","19.951651858919","6.3216526652972","2"
"Nagaland","2015","Winter","Surface Suction","17","12","44","73","14.697010409992","2.8274521977314","3"
"Nagaland","2015","Winter","Floating","27","59","50","136","18.080699729091","2.9210870045706","1"
"Nagaland","2016","Summer","Submersible","48","25","35","108","17.617628475495","5.8344813530687","2"
"Nagaland","2016","Summer","Surface Suction","52","57","44","153","16.812072455464","3.8372759332633","4"
"Nagaland","2016","Summer","Floating","61","38","35","134","1.0119370735316","6.5576797710904","3"
"Nagaland","2016","Monsoon","Submersible","34","22","27","83","13.527787561098","1.5536140273766","3"
"Nagaland","2016","Monsoon","Surface Suction","44","42","41","127","13.012130465042","6.33812447543","1"
"Nagaland","2016","Monsoon","Floating","27","59","48","134","15.013380285633","3.9316295552679","1"
"Nagaland","2016","Winter","Submersible","65","43","22","130","16.757465402387","6.296690197759","3"
"Nagaland","2016","Winter","Surface Suction","39","59","64","162","2.5749440575143","4.3420408378788","2"
"Nagaland","2016","Winter","Floating","34","22","35","91","0.9252383468","3.134644505204","1"
"Nagaland","2017","Summer","Submersible","31","26","42","99","2.3977606296769","3.9011324041898","4"
"Nagaland","2017","Summer","Surface Suction","11","41","41","93","11.38562765901","5.8714546897594","1"
"Nagaland","2017","Summer","Floating","26","21","23","70","2.2034424050727","5.327723613843","1"
"Nagaland","2017","Monsoon","Submersible","68","16","42","126","12.429288453136","5.6672662332213","1"
"Nagaland","2017","Monsoon","Surface Suction","39","18","25","82","5.5485346960196","4.8568123009725","2"
"Nagaland","2017","Monsoon","Floating","19","25","56","100","6.8466816492198","5.6186338443135","1"
"Nagaland","2017","Winter","Submersible","56","55","27","138","10.556242165912","4.1057789703878","2"
"Nagaland","2017","Winter","Surface Suction","19","40","52","111","19.293809576569","1.4413801252946","3"
"Nagaland","2017","Winter","Floating","49","12","22","83","10.597512510364","4.6894180874016","4"
"Nagaland","2018","Summer","Submersible","12","38","49","99","15.361787568373","5.4833478705315","1"
"Nagaland","2018","Summer","Surface Suction","69","47","59","175","16.75682761811","1.434143546448","1"
"Nagaland","2018","Summer","Floating","40","28","22","90","11.85969495511","6.6159650740107","1"
"Nagaland","2018","Monsoon","Submersible","52","54","45","151","17.951243869063","2.5878970299926","1"
"Nagaland","2018","Monsoon","Surface Suction","42","14","56","112","0.67091742824316","4.3623937229197","4"
"Nagaland","2018","Monsoon","Floating","13","48","38","99","11.083625108976","5.5721963262343","3"
"Nagaland","2018","Winter","Submersible","40","40","28","108","0.66853066186443","3.2005124585556","4"
"Nagaland","2018","Winter","Surface Suction","55","19","50","124","19.082632831421","2.3395324064162","2"
"Nagaland","2018","Winter","Floating","11","54","32","97","1.0936924150673","3.4442936747148","1"
"Nagaland","2019","Summer","Submersible","49","41","41","131","11.340655670025","6.5700146320337","2"
"Nagaland","2019","Summer","Surface Suction","57","20","36","113","18.673578122659","4.2543193611426","4"
"Nagaland","2019","Summer","Floating","31","13","30","74","0.015790221864376","5.8608405444728","4"
"Nagaland","2019","Monsoon","Submersible","40","15","40","95","10.328886838056","5.3618675171706","4"
"Nagaland","2019","Monsoon","Surface Suction","23","33","63","119","3.2786344190641","5.4157213630911","4"
"Nagaland","2019","Monsoon","Floating","60","41","60","161","8.8951179640403","1.2786019328969","1"
"Nagaland","2019","Winter","Submersible","11","51","20","82","2.5724812087838","3.6746724853568","4"
"Nagaland","2019","Winter","Surface Suction","50","37","57","144","4.9441214747775","5.4902514965691","2"
"Nagaland","2019","Winter","Floating","34","27","25","86","11.189505189127","1.0872048115959","4"
"Nagaland","2020","Summer","Submersible","17","22","62","101","14.266434590025","4.9565394810995","1"
"Nagaland","2020","Summer","Surface Suction","59","41","41","141","7.560498988688","1.6176768682017","3"
"Nagaland","2020","Summer","Floating","32","38","41","111","4.9788704959375","2.9466293718104","2"
"Nagaland","2020","Monsoon","Submersible","44","19","38","101","12.611184686915","5.4975966467246","1"
"Nagaland","2020","Monsoon","Surface Suction","22","19","21","62","12.64944404823","2.7297748273255","4"
"Nagaland","2020","Monsoon","Floating","69","56","59","184","5.8726478351975","3.3975910697252","2"
"Nagaland","2020","Winter","Submersible","31","22","40","93","11.628497897382","4.293595146996","4"
"Nagaland","2020","Winter","Surface Suction","42","13","61","116","13.045280118875","5.3627871812916","3"
"Nagaland","2020","Winter","Floating","37","15","25","77","3.2905074478562","2.4014826053342","2"
"Nagaland","2021","Summer","Submersible","42","25","43","110","9.0773723999187","5.0232430390365","3"
"Nagaland","2021","Summer","Surface Suction","21","14","56","91","19.814251172462","2.4857025230483","2"
"Nagaland","2021","Summer","Floating","53","36","54","143","4.7844642733172","3.491282540106","3"
"Nagaland","2021","Monsoon","Submersible","69","27","52","148","9.1900453314063","3.1750583879327","3"
"Nagaland","2021","Monsoon","Surface Suction","69","11","52","132","13.065790818027","1.4222086474362","3"
"Nagaland","2021","Monsoon","Floating","41","27","36","104","10.819724710562","5.2916024950555","2"
"Nagaland","2021","Winter","Submersible","62","44","49","155","18.591661891951","2.1053193957782","4"
"Nagaland","2021","Winter","Surface Suction","66","13","44","123","8.1043024659856","1.7531450873673","3"
"Nagaland","2021","Winter","Floating","13","47","20","80","4.1493887611775","6.4351011525928","4"
"Nagaland","2022","Summer","Submersible","26","23","60","109","11.366383021559","3.6370466826853","3"
"Nagaland","2022","Summer","Surface Suction","52","11","32","95","12.290820364426","5.9929747223747","4"
"Nagaland","2022","Summer","Floating","27","16","64","107","0.27279691671762","2.8193172803115","1"
"Nagaland","2022","Monsoon","Submersible","16","24","59","99","10.246007218309","1.811447147479","2"
"Nagaland","2022","Monsoon","Surface Suction","57","22","59","138","2.7274221005892","2.1801313493873","2"
"Nagaland","2022","Monsoon","Floating","40","25","61","126","0.18401795250759","4.7635504038159","2"
"Nagaland","2022","Winter","Submersible","37","41","63","141","3.874341015526","3.0749714218576","3"
"Nagaland","2022","Winter","Surface Suction","18","16","27","61","15.529737626313","5.4949469390592","4"
"Nagaland","2022","Winter","Floating","12","26","21","59","17.425293705403","1.0926845663985","4"
"Nagaland","2023","Summer","Submersible","61","31","23","115","7.7726458079768","3.4959376478514","2"
"Nagaland","2023","Summer","Surface Suction","20","35","36","91","10.25167806265","4.3851687507925","1"
"Nagaland","2023","Summer","Floating","63","44","35","142","7.6758251181369","6.6698023818405","1"
"Nagaland","2023","Monsoon","Submersible","57","57","60","174","5.5047221186224","1.4512121725768","1"
"Nagaland","2023","Monsoon","Surface Suction","63","44","47","154","17.93008501918","6.8960802923346","4"
"Nagaland","2023","Monsoon","Floating","24","30","54","108","11.540408033811","2.3268856606642","3"
"Nagaland","2023","Winter","Submersible","32","22","63","117","0.89322432757797","2.8573558090784","4"
"Nagaland","2023","Winter","Surface Suction","34","32","47","113","9.8443236657493","6.2839034647875","2"
"Nagaland","2023","Winter","Floating","20","12","34","66","0.9859932481834","1.0140848432047","4"
"Nagaland","2024","Summer","Submersible","18","38","45","101","2.4252978671827","1.6825717528273","4"
"Nagaland","2024","Summer","Surface Suction","47","42","26","115","14.241439844959","2.0707040445902","4"
"Nagaland","2024","Summer","Floating","64","26","55","145","12.669282384715","1.6348021565448","1"
"Nagaland","2024","Monsoon","Submersible","56","49","52","157","1.8990729483666","5.3691001431309","3"
"Nagaland","2024","Monsoon","Surface Suction","54","24","25","103","8.9021332743599","1.6788156260441","1"
"Nagaland","2024","Monsoon","Floating","38","15","34","87","9.5071813536174","3.1810867442156","2"
"Nagaland","2024","Winter","Submersible","63","50","60","173","3.2784052409389","3.2884528594187","4"
"Nagaland","2024","Winter","Surface Suction","54","39","63","156","14.577410189772","6.5914763955847","1"
"Nagaland","2024","Winter","Floating","11","45","38","94","1.2652534364135","4.6180831801875","4"
"Nagaland","2025","Summer","Submersible","47","12","57","116","10.596181141401","5.0160901045768","4"
"Nagaland","2025","Summer","Surface Suction","16","39","62","117","0.77183123876268","6.2732868754771","1"
"Nagaland","2025","Summer","Floating","33","48","23","104","17.957962095485","1.7710940106647","3"
"Nagaland","2025","Monsoon","Submersible","38","39","48","125","8.40670778391","6.3706001743975","3"
"Nagaland","2025","Monsoon","Surface Suction","39","39","22","100","18.116987799986","4.0974869392004","1"
"Nagaland","2025","Monsoon","Floating","58","18","60","136","14.634105454463","5.2550842227664","3"
"Nagaland","2025","Winter","Submersible","14","38","54","106","13.765859968545","2.3183365006624","4"
"Nagaland","2025","Winter","Surface Suction","19","22","48","89","9.0652354505172","5.7531396296515","1"
"Nagaland","2025","Winter","Floating","40","50","49","139","4.5685170461684","2.6440706823133","2"
"Odisha","2015","Summer","Submersible","59","50","21","130","5.4631924073989","2.2571153458752","4"
"Odisha","2015","Summer","Surface Suction","32","59","39","130","14.708731877844","2.8209773907341","3"
"Odisha","2015","Summer","Floating","38","26","45","109","2.0390509916055","3.4278701706406","4"
"Odisha","2015","Monsoon","Submersible","57","29","64","150","1.8469167789086","5.0440441387763","2"
"Odisha","2015","Monsoon","Surface Suction","66","23","23","112","16.860738938554","3.3929291615443","4"
"Odisha","2015","Monsoon","Floating","63","17","21","101","16.065268012543","2.6320154423859","4"
"Odisha","2015","Winter","Submersible","30","51","29","110","4.9970759215666","3.0187669754633","2"
"Odisha","2015","Winter","Surface Suction","38","50","53","141","16.524347515504","2.3657952149164","4"
"Odisha","2015","Winter","Floating","16","15","30","61","7.0695495025676","4.8532578220162","2"
"Odisha","2016","Summer","Submersible","66","38","44","148","15.887684501857","1.5938117404522","2"
"Odisha","2016","Summer","Surface Suction","33","56","57","146","6.9293857415733","6.838272097085","1"
"Odisha","2016","Summer","Floating","10","59","45","114","14.101265684108","3.7059190158901","2"
"Odisha","2016","Monsoon","Submersible","46","56","50","152","0.62349818223842","6.2211801429535","3"
"Odisha","2016","Monsoon","Surface Suction","63","28","44","135","14.117648893634","6.4698321384118","3"
"Odisha","2016","Monsoon","Floating","22","37","20","79","7.1672507131566","2.0991894707598","1"
"Odisha","2016","Winter","Submersible","34","31","47","112","17.201470379796","1.735768299868","4"
"Odisha","2016","Winter","Surface Suction","56","30","56","142","3.0626960120881","1.0590809500721","3"
"Odisha","2016","Winter","Floating","58","25","36","119","4.1864363209403","2.4452683822329","3"
"Odisha","2017","Summer","Submersible","43","42","45","130","1.3834838101083","2.9872498139711","1"
"Odisha","2017","Summer","Surface Suction","31","43","34","108","10.657528693935","6.5861559578504","1"
"Odisha","2017","Summer","Floating","32","26","28","86","14.776027665364","6.357787550229","4"
"Odisha","2017","Monsoon","Submersible","57","42","50","149","17.007538385994","2.3782138921728","2"
"Odisha","2017","Monsoon","Surface Suction","31","22","35","88","4.606856642047","4.3660410184895","2"
"Odisha","2017","Monsoon","Floating","20","33","48","101","18.268893969512","3.4553528811508","4"
"Odisha","2017","Winter","Submersible","10","52","45","107","19.765242302864","3.3331089788447","4"
"Odisha","2017","Winter","Surface Suction","52","13","47","112","12.087614381656","2.1912571532092","2"
"Odisha","2017","Winter","Floating","45","11","45","101","15.408235741373","3.9977104719926","4"
"Odisha","2018","Summer","Submersible","63","52","61","176","13.26725221913","3.4494251160778","3"
"Odisha","2018","Summer","Surface Suction","11","48","28","87","4.8436689118754","2.0302599338421","1"
"Odisha","2018","Summer","Floating","57","27","42","126","12.578102898472","1.7076320492454","1"
"Odisha","2018","Monsoon","Submersible","13","34","51","98","2.1570652912462","2.5738295883066","1"
"Odisha","2018","Monsoon","Surface Suction","45","43","28","116","11.342574150647","4.3669068800317","2"
"Odisha","2018","Monsoon","Floating","14","31","24","69","6.2115403110157","4.694356320671","1"
"Odisha","2018","Winter","Submersible","31","36","29","96","17.507425266545","3.4929603801755","1"
"Odisha","2018","Winter","Surface Suction","60","19","25","104","11.022826723895","5.2520850310714","2"
"Odisha","2018","Winter","Floating","68","56","44","168","4.8320492408008","5.0332039813907","4"
"Odisha","2019","Summer","Submersible","49","57","51","157","15.901457623623","2.0875015333093","2"
"Odisha","2019","Summer","Surface Suction","43","45","25","113","8.0458935615264","5.6997405546332","1"
"Odisha","2019","Summer","Floating","28","43","44","115","8.4126047375764","3.8856496485058","3"
"Odisha","2019","Monsoon","Submersible","39","48","50","137","13.710772411252","3.6172865027203","3"
"Odisha","2019","Monsoon","Surface Suction","10","13","47","70","16.051214963033","3.9183497685334","3"
"Odisha","2019","Monsoon","Floating","64","15","20","99","4.7201586064742","5.383087924158","1"
"Odisha","2019","Winter","Submersible","33","34","62","129","1.3798001742092","6.9748142066795","4"
"Odisha","2019","Winter","Surface Suction","21","42","26","89","4.094278951902","3.0089100682807","4"
"Odisha","2019","Winter","Floating","19","40","25","84","7.8998054109806","3.0100514197462","2"
"Odisha","2020","Summer","Submersible","35","58","35","128","15.154698890046","4.4944057892076","4"
"Odisha","2020","Summer","Surface Suction","33","25","30","88","13.671848504437","1.0170529219838","1"
"Odisha","2020","Summer","Floating","27","46","32","105","8.1249819195381","5.6262302214691","1"
"Odisha","2020","Monsoon","Submersible","10","34","53","97","17.498788112053","5.8649686801736","3"
"Odisha","2020","Monsoon","Surface Suction","65","25","56","146","17.962476694258","5.3896260431168","4"
"Odisha","2020","Monsoon","Floating","29","35","38","102","6.2673538891456","2.7706531611057","2"
"Odisha","2020","Winter","Submersible","67","43","26","136","4.9840754118257","3.0511936105741","2"
"Odisha","2020","Winter","Surface Suction","44","34","61","139","19.509010482699","5.568753000617","3"
"Odisha","2020","Winter","Floating","15","24","43","82","9.0373808930456","5.7816850240939","1"
"Odisha","2021","Summer","Submersible","41","41","24","106","2.0350905700203","1.2949157723483","3"
"Odisha","2021","Summer","Surface Suction","26","59","43","128","14.608275057636","3.7195701002903","3"
"Odisha","2021","Summer","Floating","14","12","56","82","13.356124399732","1.2435759118142","3"
"Odisha","2021","Monsoon","Submersible","61","32","47","140","19.570119338654","1.064020762037","4"
"Odisha","2021","Monsoon","Surface Suction","45","42","45","132","2.0675601440392","2.0839761934145","3"
"Odisha","2021","Monsoon","Floating","66","17","50","133","9.5204141376024","6.4090337167078","3"
"Odisha","2021","Winter","Submersible","53","28","29","110","13.142376781225","3.1905635213908","4"
"Odisha","2021","Winter","Surface Suction","50","16","33","99","9.8950848087141","1.802564170462","1"
"Odisha","2021","Winter","Floating","18","45","29","92","10.194710200079","3.5346747401853","1"
"Odisha","2022","Summer","Submersible","54","42","53","149","6.7111440339331","6.856120945147","4"
"Odisha","2022","Summer","Surface Suction","28","48","25","101","11.755908101327","6.083780473213","4"
"Odisha","2022","Summer","Floating","67","51","32","150","17.950572447537","3.682963027184","4"
"Odisha","2022","Monsoon","Submersible","59","45","47","151","1.8659571095349","4.1252442198093","4"
"Odisha","2022","Monsoon","Surface Suction","21","44","59","124","13.965451870611","2.2466237766384","1"
"Odisha","2022","Monsoon","Floating","48","51","28","127","10.274077312451","2.4415755069936","1"
"Odisha","2022","Winter","Submersible","21","10","63","94","15.285113480483","6.958924621541","4"
"Odisha","2022","Winter","Surface Suction","40","12","42","94","9.5350775101666","2.6240476357917","1"
"Odisha","2022","Winter","Floating","67","27","22","116","7.9148965969471","2.7920329443253","3"
"Odisha","2023","Summer","Submersible","34","36","63","133","1.1844661079321","1.6323816089748","1"
"Odisha","2023","Summer","Surface Suction","33","17","28","78","8.8245933818343","1.3900047336933","3"
"Odisha","2023","Summer","Floating","62","25","43","130","18.061950140986","6.1853836135693","3"
"Odisha","2023","Monsoon","Submersible","56","15","24","95","16.061512846755","3.5908306047155","2"
"Odisha","2023","Monsoon","Surface Suction","13","17","43","73","9.727442016503","3.7757156316024","1"
"Odisha","2023","Monsoon","Floating","35","52","63","150","2.4983962148127","1.1600605756532","2"
"Odisha","2023","Winter","Submersible","62","42","50","154","0.9017771201078","5.3873266592395","4"
"Odisha","2023","Winter","Surface Suction","16","43","63","122","8.7260284766604","6.7738178990457","4"
"Odisha","2023","Winter","Floating","18","19","36","73","3.9462794115212","2.9035312986982","3"
"Odisha","2024","Summer","Submersible","50","38","25","113","10.556147271177","6.998245826931","4"
"Odisha","2024","Summer","Surface Suction","34","25","35","94","9.0674121120831","4.10272532868","2"
"Odisha","2024","Summer","Floating","37","47","60","144","15.797292420711","4.7100778422727","2"
"Odisha","2024","Monsoon","Submersible","60","10","48","118","8.7406745089954","3.3813363585342","3"
"Odisha","2024","Monsoon","Surface Suction","27","44","49","120","5.8752374605477","2.6640805703478","4"
"Odisha","2024","Monsoon","Floating","44","48","27","119","6.813708471496","2.9438756482606","4"
"Odisha","2024","Winter","Submersible","60","32","31","123","16.593373605302","4.3742702823064","2"
"Odisha","2024","Winter","Surface Suction","53","37","32","122","11.900926898475","1.5411742012015","3"
"Odisha","2024","Winter","Floating","54","15","43","112","19.184708706476","5.2939759124339","1"
"Odisha","2025","Summer","Submersible","57","45","57","159","7.1562655940522","2.652747460829","4"
"Odisha","2025","Summer","Surface Suction","14","51","64","129","16.925746729729","3.1381998265303","1"
"Odisha","2025","Summer","Floating","61","15","26","102","8.4786107005933","1.398838781255","4"
"Odisha","2025","Monsoon","Submersible","47","10","23","80","19.612964391281","3.101634224016","3"
"Odisha","2025","Monsoon","Surface Suction","36","35","27","98","11.41366350144","5.5642288362634","3"
"Odisha","2025","Monsoon","Floating","41","14","39","94","5.0728494868275","2.3683709014001","3"
"Odisha","2025","Winter","Submersible","15","45","59","119","2.3375752118188","6.9151506424656","4"
"Odisha","2025","Winter","Surface Suction","25","10","32","67","3.9816462565592","4.5262193700489","4"
"Odisha","2025","Winter","Floating","34","49","51","134","19.229993584743","2.4804845240043","3"
"Punjab","2015","Summer","Submersible","45","36","39","120","8.2785211610518","2.6203507966093","1"
"Punjab","2015","Summer","Surface Suction","54","50","47","151","8.3243406206463","2.0779557341795","2"
"Punjab","2015","Summer","Floating","42","55","33","130","17.17344109859","1.704855393259","4"
"Punjab","2015","Monsoon","Submersible","27","16","34","77","2.300218736562","5.1689243792303","3"
"Punjab","2015","Monsoon","Surface Suction","22","18","34","74","12.856667816315","3.2918802727777","1"
"Punjab","2015","Monsoon","Floating","25","17","48","90","19.243718189836","6.4089151066045","1"
"Punjab","2015","Winter","Submersible","63","23","49","135","2.0217718834843","2.8530836486897","3"
"Punjab","2015","Winter","Surface Suction","25","15","52","92","0.45098443060173","1.334497590822","4"
"Punjab","2015","Winter","Floating","54","49","48","151","13.542127323926","4.1354369215709","2"
"Punjab","2016","Summer","Submersible","62","48","48","158","0.060417427123225","2.4875946988348","1"
"Punjab","2016","Summer","Surface Suction","33","24","55","112","14.411728387413","5.5945799262852","3"
"Punjab","2016","Summer","Floating","17","46","60","123","4.63165982578","2.0873082616817","4"
"Punjab","2016","Monsoon","Submersible","49","26","59","134","18.822711697009","6.2048621409758","1"
"Punjab","2016","Monsoon","Surface Suction","61","43","23","127","8.5309139722015","1.8357801364426","1"
"Punjab","2016","Monsoon","Floating","50","12","63","125","11.082574324209","4.6523376530693","4"
"Punjab","2016","Winter","Submersible","19","38","25","82","0.0082057887834974","4.5770960164143","2"
"Punjab","2016","Winter","Surface Suction","33","26","40","99","17.681505926204","3.7125310620338","3"
"Punjab","2016","Winter","Floating","51","48","24","123","2.9703484851423","3.4838061909043","1"
"Punjab","2017","Summer","Submersible","27","44","39","110","7.1295334169557","1.9766566061522","4"
"Punjab","2017","Summer","Surface Suction","64","30","56","150","8.5281211298395","4.2245016315988","4"
"Punjab","2017","Summer","Floating","17","18","46","81","15.627124367904","5.0802763382456","4"
"Punjab","2017","Monsoon","Submersible","34","48","34","116","0.3606401965046","4.3422855171534","1"
"Punjab","2017","Monsoon","Surface Suction","46","51","47","144","2.7250113018396","6.3253784308971","4"
"Punjab","2017","Monsoon","Floating","43","21","52","116","11.717042448663","5.04515269969","2"
"Punjab","2017","Winter","Submersible","33","52","59","144","7.9610968135788","4.0818003035719","4"
"Punjab","2017","Winter","Surface Suction","24","55","42","121","7.7624291353699","1.574140696348","3"
"Punjab","2017","Winter","Floating","38","54","62","154","12.964183548971","3.4791668728168","2"
"Punjab","2018","Summer","Submersible","51","53","35","139","1.3418746525976","4.5622346977086","3"
"Punjab","2018","Summer","Surface Suction","32","38","60","130","3.4106077878755","6.384514300469","1"
"Punjab","2018","Summer","Floating","66","52","62","180","10.840666901944","6.514229662172","1"
"Punjab","2018","Monsoon","Submersible","14","20","60","94","19.052842616017","3.6639292860522","2"
"Punjab","2018","Monsoon","Surface Suction","13","11","22","46","19.986325363794","2.6080690031176","1"
"Punjab","2018","Monsoon","Floating","27","53","24","104","5.879227528206","2.2948255063582","2"
"Punjab","2018","Winter","Submersible","28","12","28","68","2.1183137925755","1.1118795184887","1"
"Punjab","2018","Winter","Surface Suction","64","32","53","149","15.255981057516","4.0784633102083","3"
"Punjab","2018","Winter","Floating","12","28","47","87","0.1907790805109","3.4173401863003","3"
"Punjab","2019","Summer","Submersible","54","54","30","138","10.592890540703","3.0866205856266","2"
"Punjab","2019","Summer","Surface Suction","10","12","45","67","9.9417861870159","5.5168539670661","2"
"Punjab","2019","Summer","Floating","19","17","63","99","9.7543773663074","4.7838171431779","3"
"Punjab","2019","Monsoon","Submersible","50","19","39","108","7.3928623524504","2.9758318771876","1"
"Punjab","2019","Monsoon","Surface Suction","10","11","38","59","4.6610637596972","6.7022785088926","4"
"Punjab","2019","Monsoon","Floating","35","36","48","119","0.29997000754273","1.9666001395385","1"
"Punjab","2019","Winter","Submersible","69","52","47","168","10.05095213444","6.0905063585831","4"
"Punjab","2019","Winter","Surface Suction","69","43","51","163","5.5405089773925","6.1740094986384","3"
"Punjab","2019","Winter","Floating","17","28","61","106","4.4298709771928","1.2087951992101","4"
"Punjab","2020","Summer","Submersible","54","55","54","163","16.179554992274","5.8021851307321","2"
"Punjab","2020","Summer","Surface Suction","36","24","30","90","12.085190319738","5.9629488905657","1"
"Punjab","2020","Summer","Floating","41","46","23","110","5.3006983628109","4.2171536756932","2"
"Punjab","2020","Monsoon","Submersible","65","46","26","137","11.771721946985","3.4464352971496","1"
"Punjab","2020","Monsoon","Surface Suction","20","53","63","136","9.9909832453517","1.6725910621046","1"
"Punjab","2020","Monsoon","Floating","13","35","35","83","19.066485297743","3.910791446286","3"
"Punjab","2020","Winter","Submersible","15","28","27","70","19.220418715304","1.0784592050477","1"
"Punjab","2020","Winter","Surface Suction","24","32","42","98","0.50945383470214","1.381653977059","2"
"Punjab","2020","Winter","Floating","19","56","23","98","10.918051185336","1.205566736761","3"
"Punjab","2021","Summer","Submersible","25","40","29","94","11.878812418868","1.8904101789173","3"
"Punjab","2021","Summer","Surface Suction","46","32","39","117","19.977985740923","6.9232867289868","4"
"Punjab","2021","Summer","Floating","24","26","47","97","8.331844555684","4.8911621609452","3"
"Punjab","2021","Monsoon","Submersible","46","48","53","147","10.475169931057","1.1468815948792","1"
"Punjab","2021","Monsoon","Surface Suction","21","11","47","79","10.378747285295","4.6345569361538","3"
"Punjab","2021","Monsoon","Floating","16","53","27","96","9.4234511875628","4.4404097553862","4"
"Punjab","2021","Winter","Submersible","50","19","41","110","6.4595746672762","2.4235261819428","2"
"Punjab","2021","Winter","Surface Suction","53","46","32","131","14.880989024572","4.0193152430978","2"
"Punjab","2021","Winter","Floating","52","49","56","157","16.119402573419","2.7369871907183","2"
"Punjab","2022","Summer","Submersible","57","44","61","162","16.931223399226","1.3831982400461","4"
"Punjab","2022","Summer","Surface Suction","37","46","44","127","16.473185019679","5.0963637867719","2"
"Punjab","2022","Summer","Floating","40","53","52","145","18.852054009695","5.9931469138453","3"
"Punjab","2022","Monsoon","Submersible","66","58","43","167","7.1193678166447","2.7046248953646","1"
"Punjab","2022","Monsoon","Surface Suction","36","17","29","82","5.0413977370034","3.7250048210066","4"
"Punjab","2022","Monsoon","Floating","18","16","33","67","7.8218448829644","1.4798948967805","4"
"Punjab","2022","Winter","Submersible","22","30","47","99","3.2064094273387","2.6929335042168","3"
"Punjab","2022","Winter","Surface Suction","11","21","55","87","2.0767877222186","1.7414349435969","3"
"Punjab","2022","Winter","Floating","28","11","63","102","3.9296530480584","2.5085809131248","2"
"Punjab","2023","Summer","Submersible","37","36","29","102","4.2672613606594","3.3103040752217","3"
"Punjab","2023","Summer","Surface Suction","34","31","58","123","0.39221064948507","5.0282080533808","4"
"Punjab","2023","Summer","Floating","40","35","62","137","16.082184921223","5.7517660868003","1"
"Punjab","2023","Monsoon","Submersible","30","55","28","113","3.4030528228903","2.5283230027453","3"
"Punjab","2023","Monsoon","Surface Suction","68","31","31","130","10.705054692586","5.2287735995518","4"
"Punjab","2023","Monsoon","Floating","35","14","28","77","5.5713590641132","5.6295331868069","3"
"Punjab","2023","Winter","Submersible","51","39","45","135","3.2711007682764","3.6150901570816","3"
"Punjab","2023","Winter","Surface Suction","17","32","61","110","14.644758281846","1.5266374847406","4"
"Punjab","2023","Winter","Floating","67","14","35","116","1.1557639403973","1.843920035402","4"
"Punjab","2024","Summer","Submersible","61","29","21","111","10.00667311352","3.90165404051","2"
"Punjab","2024","Summer","Surface Suction","38","38","38","114","9.8534866062201","3.0339638209694","3"
"Punjab","2024","Summer","Floating","59","55","27","141","16.827135426104","3.4890856393633","1"
"Punjab","2024","Monsoon","Submersible","50","49","53","152","2.4582236508449","2.2184235575204","4"
"Punjab","2024","Monsoon","Surface Suction","16","36","33","85","6.9253210157586","4.9277271610928","4"
"Punjab","2024","Monsoon","Floating","29","56","55","140","6.2808800603529","3.7575972978293","3"
"Punjab","2024","Winter","Submersible","38","33","41","112","6.0297683070872","6.8081257673658","3"
"Punjab","2024","Winter","Surface Suction","63","47","29","139","8.3338967934693","3.3125265983793","1"
"Punjab","2024","Winter","Floating","15","33","52","100","11.66844030366","1.3693400656","4"
"Punjab","2025","Summer","Submersible","36","47","37","120","18.87130434314","1.2512823630327","3"
"Punjab","2025","Summer","Surface Suction","22","49","49","120","15.666733838492","3.1138141262606","1"
"Punjab","2025","Summer","Floating","43","45","49","137","0.16731319968288","1.4960022279193","4"
"Punjab","2025","Monsoon","Submersible","27","14","38","79","10.240362533509","6.9534514891667","4"
"Punjab","2025","Monsoon","Surface Suction","30","19","56","105","10.511587481245","3.979871274337","1"
"Punjab","2025","Monsoon","Floating","18","33","63","114","8.8153049535074","6.9673548436584","1"
"Punjab","2025","Winter","Submersible","28","37","60","125","9.0845564761374","2.4325953640238","2"
"Punjab","2025","Winter","Surface Suction","49","55","30","134","13.904593114955","3.5079953015221","3"
"Punjab","2025","Winter","Floating","37","38","42","117","12.747849958703","5.2981268972445","4"
"Rajasthan","2015","Summer","Submersible","56","59","24","139","18.336131561496","4.3610313734042","3"
"Rajasthan","2015","Summer","Surface Suction","68","56","61","185","18.298598732586","2.0173811114267","2"
"Rajasthan","2015","Summer","Floating","58","54","61","173","18.76723200592","6.484938769921","3"
"Rajasthan","2015","Monsoon","Submersible","25","53","57","135","1.2182445374305","3.5730340917843","4"
"Rajasthan","2015","Monsoon","Surface Suction","65","13","49","127","16.635706003703","6.8828247866984","4"
"Rajasthan","2015","Monsoon","Floating","53","48","28","129","10.056861239982","1.311292465564","1"
"Rajasthan","2015","Winter","Submersible","32","30","31","93","7.301673465688","6.4755053075489","3"
"Rajasthan","2015","Winter","Surface Suction","13","29","33","75","12.760064704325","4.7723283221535","1"
"Rajasthan","2015","Winter","Floating","47","35","21","103","3.9141550327758","1.1670986654965","2"
"Rajasthan","2016","Summer","Submersible","51","49","50","150","2.8820792606593","6.8480704648427","4"
"Rajasthan","2016","Summer","Surface Suction","58","22","38","118","2.2096725593613","6.1726244407089","3"
"Rajasthan","2016","Summer","Floating","46","34","35","115","10.045497291908","5.32893503879","2"
"Rajasthan","2016","Monsoon","Submersible","32","23","25","80","16.948122698585","3.1413993230485","3"
"Rajasthan","2016","Monsoon","Surface Suction","21","22","55","98","14.54208898117","1.643807262224","2"
"Rajasthan","2016","Monsoon","Floating","59","49","27","135","17.870691669969","3.3355983808543","2"
"Rajasthan","2016","Winter","Submersible","53","24","55","132","7.8013213149526","6.1814620188349","2"
"Rajasthan","2016","Winter","Surface Suction","32","49","64","145","17.278716149199","5.6891387771984","3"
"Rajasthan","2016","Winter","Floating","22","37","39","98","5.5609749666668","3.3913957696003","3"
"Rajasthan","2017","Summer","Submersible","33","43","26","102","15.469480356455","6.250725954295","2"
"Rajasthan","2017","Summer","Surface Suction","51","31","24","106","4.2851086868637","3.0452980929541","2"
"Rajasthan","2017","Summer","Floating","69","24","50","143","12.766835011622","4.9273971473416","1"
"Rajasthan","2017","Monsoon","Submersible","34","34","40","108","10.632014980358","2.1206848429742","2"
"Rajasthan","2017","Monsoon","Surface Suction","52","32","23","107","11.929491550879","2.6498751518418","2"
"Rajasthan","2017","Monsoon","Floating","38","29","52","119","11.086451961673","2.9724759300976","2"
"Rajasthan","2017","Winter","Submersible","22","16","27","65","6.6563672218334","5.5292351734514","1"
"Rajasthan","2017","Winter","Surface Suction","65","25","29","119","11.068554015741","1.0683380085313","4"
"Rajasthan","2017","Winter","Floating","40","23","63","126","13.764665546713","4.0754957610828","3"
"Rajasthan","2018","Summer","Submersible","10","38","23","71","9.5313588716004","2.7763930602337","4"
"Rajasthan","2018","Summer","Surface Suction","62","30","64","156","19.55425625651","1.64754732979","2"
"Rajasthan","2018","Summer","Floating","41","46","34","121","5.0159667022393","5.1382098541877","3"
"Rajasthan","2018","Monsoon","Submersible","43","15","36","94","10.642654791647","3.4138572027488","1"
"Rajasthan","2018","Monsoon","Surface Suction","68","14","42","124","15.213595224419","6.5650213077795","1"
"Rajasthan","2018","Monsoon","Floating","66","28","52","146","18.289153017619","1.5406817976049","2"
"Rajasthan","2018","Winter","Submersible","68","15","52","135","11.972743576597","2.7552425708894","2"
"Rajasthan","2018","Winter","Surface Suction","60","28","47","135","9.69984569155","2.833458755967","2"
"Rajasthan","2018","Winter","Floating","36","43","23","102","16.159313785215","3.2085138259973","4"
"Rajasthan","2019","Summer","Submersible","16","59","45","120","4.8846740072816","4.3621118441198","1"
"Rajasthan","2019","Summer","Surface Suction","29","51","64","144","7.8354348402401","4.4627336194867","2"
"Rajasthan","2019","Summer","Floating","22","21","29","72","19.692887387467","1.8295920632612","1"
"Rajasthan","2019","Monsoon","Submersible","31","27","21","79","8.3410640740584","4.982790352256","2"
"Rajasthan","2019","Monsoon","Surface Suction","35","30","49","114","8.6471198429353","6.9501967661114","4"
"Rajasthan","2019","Monsoon","Floating","19","57","62","138","0.81570026871036","2.8900496511386","3"
"Rajasthan","2019","Winter","Submersible","24","26","37","87","18.832663629704","5.2667771080185","2"
"Rajasthan","2019","Winter","Surface Suction","32","44","58","134","18.884591587285","5.8708786416747","3"
"Rajasthan","2019","Winter","Floating","37","25","35","97","3.5604064858454","5.9480874353676","2"
"Rajasthan","2020","Summer","Submersible","22","53","28","103","17.153207940845","2.5974009671068","1"
"Rajasthan","2020","Summer","Surface Suction","46","52","41","139","13.202378059923","6.016475651001","2"
"Rajasthan","2020","Summer","Floating","57","21","42","120","0.90231757202919","6.6006460430252","1"
"Rajasthan","2020","Monsoon","Submersible","32","47","51","130","15.893611510216","5.4864605555657","3"
"Rajasthan","2020","Monsoon","Surface Suction","67","54","24","145","12.500535756207","6.1240980020127","4"
"Rajasthan","2020","Monsoon","Floating","41","30","43","114","8.6594609967941","1.426147405896","2"
"Rajasthan","2020","Winter","Submersible","19","33","59","111","10.264399516556","6.2326363824795","4"
"Rajasthan","2020","Winter","Surface Suction","66","32","41","139","7.5639269905644","4.4584333087218","4"
"Rajasthan","2020","Winter","Floating","40","44","58","142","14.323290763552","1.812513098907","2"
"Rajasthan","2021","Summer","Submersible","33","26","64","123","16.224611168027","2.3358954113607","1"
"Rajasthan","2021","Summer","Surface Suction","69","59","48","176","16.055313429241","2.4334281740055","4"
"Rajasthan","2021","Summer","Floating","10","36","43","89","12.056150645335","6.915949433024","4"
"Rajasthan","2021","Monsoon","Submersible","64","53","21","138","7.9545795124544","3.5686814184834","3"
"Rajasthan","2021","Monsoon","Surface Suction","54","41","20","115","17.86002724793","5.3150681443119","4"
"Rajasthan","2021","Monsoon","Floating","68","35","39","142","4.9999747044766","4.2107230460404","4"
"Rajasthan","2021","Winter","Submersible","32","55","29","116","15.532136795928","4.3133336810431","2"
"Rajasthan","2021","Winter","Surface Suction","64","59","48","171","7.1976519550911","6.6325607629826","2"
"Rajasthan","2021","Winter","Floating","67","51","24","142","0.62723137609177","2.0216148227716","2"
"Rajasthan","2022","Summer","Submersible","12","49","50","111","10.163275809163","1.3778284524022","2"
"Rajasthan","2022","Summer","Surface Suction","11","48","61","120","9.9430763176574","1.8087147095046","1"
"Rajasthan","2022","Summer","Floating","13","54","63","130","2.5227157259153","6.595874304047","1"
"Rajasthan","2022","Monsoon","Submersible","34","58","56","148","11.138502047804","1.6493598805933","2"
"Rajasthan","2022","Monsoon","Surface Suction","28","23","59","110","4.379402542116","3.979298881611","2"
"Rajasthan","2022","Monsoon","Floating","26","52","27","105","5.4192641574244","2.7137595981015","3"
"Rajasthan","2022","Winter","Submersible","55","14","43","112","0.63769590417184","1.4565999338846","1"
"Rajasthan","2022","Winter","Surface Suction","29","12","56","97","4.637192277657","5.7876591355198","4"
"Rajasthan","2022","Winter","Floating","22","57","22","101","8.5864553140839","3.4473095611022","2"
"Rajasthan","2023","Summer","Submersible","35","26","53","114","9.1896660210033","6.9506732700082","1"
"Rajasthan","2023","Summer","Surface Suction","14","50","32","96","19.684814336033","5.9905488448135","4"
"Rajasthan","2023","Summer","Floating","45","19","47","111","9.6196049209266","2.2361423414925","4"
"Rajasthan","2023","Monsoon","Submersible","21","57","22","100","10.111716623688","3.4792202835812","3"
"Rajasthan","2023","Monsoon","Surface Suction","16","45","33","94","17.504196088961","4.0732661008617","1"
"Rajasthan","2023","Monsoon","Floating","62","55","22","139","13.739048827709","5.7514392305334","4"
"Rajasthan","2023","Winter","Submersible","63","14","29","106","18.839828937677","1.3859153391615","3"
"Rajasthan","2023","Winter","Surface Suction","60","41","30","131","6.5883331474889","4.2212093078236","3"
"Rajasthan","2023","Winter","Floating","15","49","64","128","12.690698667322","4.1962697322339","4"
"Rajasthan","2024","Summer","Submersible","42","22","55","119","17.989061691077","6.5641984567693","4"
"Rajasthan","2024","Summer","Surface Suction","20","15","31","66","5.1217685247685","1.7220426414583","3"
"Rajasthan","2024","Summer","Floating","12","29","47","88","4.4705564460302","1.3340368897239","4"
"Rajasthan","2024","Monsoon","Submersible","52","49","25","126","12.502921834667","3.0318596286872","3"
"Rajasthan","2024","Monsoon","Surface Suction","30","53","32","115","16.820899650251","4.0809877680511","4"
"Rajasthan","2024","Monsoon","Floating","30","55","37","122","8.9595038427705","2.1332162968933","1"
"Rajasthan","2024","Winter","Submersible","30","23","44","97","16.652180260768","3.4110381141395","3"
"Rajasthan","2024","Winter","Surface Suction","40","56","48","144","15.416290433286","2.9633270989687","4"
"Rajasthan","2024","Winter","Floating","47","28","46","121","15.497168043639","1.7782375479402","3"
"Rajasthan","2025","Summer","Submersible","38","24","22","84","6.6158998956209","2.0719768320346","1"
"Rajasthan","2025","Summer","Surface Suction","28","20","24","72","19.146272263827","2.9089796225359","2"
"Rajasthan","2025","Summer","Floating","35","17","24","76","15.168172815994","2.3494358233109","2"
"Rajasthan","2025","Monsoon","Submersible","46","50","23","119","5.8056735462952","4.2471283351421","3"
"Rajasthan","2025","Monsoon","Surface Suction","45","15","35","95","8.3593908717305","6.6574762683505","4"
"Rajasthan","2025","Monsoon","Floating","66","57","29","152","16.818476875469","4.862075415743","4"
"Rajasthan","2025","Winter","Submersible","53","51","55","159","15.904331730608","6.8142257578153","3"
"Rajasthan","2025","Winter","Surface Suction","27","42","40","109","8.8961099011756","5.0109317259004","1"
"Rajasthan","2025","Winter","Floating","15","47","22","84","18.868562145306","1.5909678500764","4"
"Sikkim","2015","Summer","Submersible","42","40","40","122","16.930689862468","4.0309942691364","1"
"Sikkim","2015","Summer","Surface Suction","41","35","21","97","14.635521900753","1.9884040533263","3"
"Sikkim","2015","Summer","Floating","13","46","57","116","14.255435870338","4.3300340340069","2"
"Sikkim","2015","Monsoon","Submersible","61","33","62","156","16.100353864693","3.2193317538887","3"
"Sikkim","2015","Monsoon","Surface Suction","54","36","37","127","12.324347925883","3.9932369269233","1"
"Sikkim","2015","Monsoon","Floating","27","12","46","85","1.4866310272069","6.8642143646658","3"
"Sikkim","2015","Winter","Submersible","16","59","33","108","18.092105062257","3.0440009249305","3"
"Sikkim","2015","Winter","Surface Suction","57","42","62","161","10.602311300706","1.8265775763911","1"
"Sikkim","2015","Winter","Floating","14","38","51","103","3.4836837613603","4.5413871844382","2"
"Sikkim","2016","Summer","Submersible","55","52","23","130","13.877613774166","6.3052441109759","1"
"Sikkim","2016","Summer","Surface Suction","65","12","45","122","5.0231680271657","4.6252328791798","4"
"Sikkim","2016","Summer","Floating","10","25","30","65","6.9547567111863","6.258525661627","1"
"Sikkim","2016","Monsoon","Submersible","35","37","28","100","16.709723112866","1.9759133091394","4"
"Sikkim","2016","Monsoon","Surface Suction","67","58","61","186","10.401653664332","5.9815011566883","2"
"Sikkim","2016","Monsoon","Floating","30","33","43","106","5.6970535322123","4.0309841097599","3"
"Sikkim","2016","Winter","Submersible","11","23","51","85","12.304564056004","3.659080450868","3"
"Sikkim","2016","Winter","Surface Suction","49","51","59","159","17.472676452694","1.4533269625766","2"
"Sikkim","2016","Winter","Floating","21","52","46","119","17.52627939831","2.7878787679736","1"
"Sikkim","2017","Summer","Submersible","60","36","28","124","11.561500983697","3.2556302524198","2"
"Sikkim","2017","Summer","Surface Suction","16","16","27","59","16.255137065943","4.9888002632025","2"
"Sikkim","2017","Summer","Floating","16","30","56","102","14.393891429217","1.5654421028635","4"
"Sikkim","2017","Monsoon","Submersible","31","48","46","125","10.792317012037","1.7742207268626","3"
"Sikkim","2017","Monsoon","Surface Suction","57","28","61","146","3.607119365633","6.0490943443727","3"
"Sikkim","2017","Monsoon","Floating","26","40","29","95","0.25190076338854","1.5760416790369","1"
"Sikkim","2017","Winter","Submersible","30","45","42","117","10.168119532893","1.9442710892132","1"
"Sikkim","2017","Winter","Surface Suction","29","58","61","148","6.1065179806653","6.3794291498157","1"
"Sikkim","2017","Winter","Floating","12","11","35","58","2.8310421895421","6.0047525994835","3"
"Sikkim","2018","Summer","Submersible","14","16","53","83","11.659969594366","3.4099187545863","2"
"Sikkim","2018","Summer","Surface Suction","34","30","40","104","16.884191715525","3.5943781611105","2"
"Sikkim","2018","Summer","Floating","14","27","58","99","7.0849200637849","4.9699192028035","2"
"Sikkim","2018","Monsoon","Submersible","26","57","64","147","11.52161758029","5.1786267562133","4"
"Sikkim","2018","Monsoon","Surface Suction","63","57","25","145","2.0896479061567","2.4250967235644","3"
"Sikkim","2018","Monsoon","Floating","29","22","63","114","19.411466652547","5.2963783205173","1"
"Sikkim","2018","Winter","Submersible","23","45","27","95","12.524896455261","1.8782383995338","3"
"Sikkim","2018","Winter","Surface Suction","65","19","44","128","16.503858696114","2.8292761443472","1"
"Sikkim","2018","Winter","Floating","40","59","61","160","13.23581427629","3.6893680871565","4"
"Sikkim","2019","Summer","Submersible","13","35","23","71","5.1736354760286","5.2933769639934","1"
"Sikkim","2019","Summer","Surface Suction","13","14","64","91","7.2028422827788","3.790211948384","4"
"Sikkim","2019","Summer","Floating","57","42","57","156","11.877475353357","4.8730689128722","3"
"Sikkim","2019","Monsoon","Submersible","60","10","28","98","7.4726930418545","5.1326050957549","3"
"Sikkim","2019","Monsoon","Surface Suction","33","37","29","99","0.15567940537934","5.5178897037767","2"
"Sikkim","2019","Monsoon","Floating","32","56","36","124","0.054024336683269","3.5956079557416","1"
"Sikkim","2019","Winter","Submersible","49","45","39","133","0.86794357157122","3.0908678547739","2"
"Sikkim","2019","Winter","Surface Suction","37","14","58","109","4.1955082755822","1.4446524958023","2"
"Sikkim","2019","Winter","Floating","30","49","56","135","1.9009291732337","6.703206847169","2"
"Sikkim","2020","Summer","Submersible","21","26","56","103","19.001383105468","2.0766714254851","2"
"Sikkim","2020","Summer","Surface Suction","59","10","57","126","11.750249588536","1.3698513006209","3"
"Sikkim","2020","Summer","Floating","22","57","37","116","13.964309069889","4.7426331439051","3"
"Sikkim","2020","Monsoon","Submersible","29","19","48","96","14.406458329571","4.1766144432477","2"
"Sikkim","2020","Monsoon","Surface Suction","61","51","32","144","12.207877332881","6.6346521898614","3"
"Sikkim","2020","Monsoon","Floating","63","35","47","145","9.2902450100815","6.8735778821019","2"
"Sikkim","2020","Winter","Submersible","46","43","42","131","19.278874685379","1.9340512765854","1"
"Sikkim","2020","Winter","Surface Suction","44","20","52","116","8.8171022540503","4.8054585458653","3"
"Sikkim","2020","Winter","Floating","18","48","22","88","1.3846025149126","2.2623193269647","3"
"Sikkim","2021","Summer","Submersible","64","37","63","164","3.1878053149784","1.2645532983852","1"
"Sikkim","2021","Summer","Surface Suction","32","31","45","108","9.4049817065751","6.7266861691179","3"
"Sikkim","2021","Summer","Floating","10","12","46","68","14.667230294642","4.824992817605","2"
"Sikkim","2021","Monsoon","Submersible","14","38","52","104","2.1383972875964","4.0285259413933","1"
"Sikkim","2021","Monsoon","Surface Suction","59","30","34","123","16.773944805901","4.4930844168678","4"
"Sikkim","2021","Monsoon","Floating","30","39","46","115","6.8054996446806","4.7249957966452","2"
"Sikkim","2021","Winter","Submersible","45","49","20","114","16.494463281538","3.4129382910638","3"
"Sikkim","2021","Winter","Surface Suction","64","11","20","95","1.0266874264736","3.280900851746","2"
"Sikkim","2021","Winter","Floating","51","27","36","114","5.0453817920169","1.9398842701818","2"
"Sikkim","2022","Summer","Submersible","30","25","25","80","6.7443981982045","1.0852129370246","1"
"Sikkim","2022","Summer","Surface Suction","27","33","46","106","8.1313561581098","3.1337319955454","4"
"Sikkim","2022","Summer","Floating","54","19","21","94","2.5569947398693","5.4339523789375","1"
"Sikkim","2022","Monsoon","Submersible","47","54","42","143","7.5099724404144","3.9865393816414","2"
"Sikkim","2022","Monsoon","Surface Suction","19","52","32","103","18.189215960975","4.1199887442215","4"
"Sikkim","2022","Monsoon","Floating","63","43","58","164","13.073973858102","5.643616772942","2"
"Sikkim","2022","Winter","Submersible","13","48","27","88","13.994261543087","2.477624404619","4"
"Sikkim","2022","Winter","Surface Suction","64","52","46","162","19.653764791827","6.1614868658648","2"
"Sikkim","2022","Winter","Floating","47","35","43","125","3.8091399406009","3.6529368286769","3"
"Sikkim","2023","Summer","Submersible","60","57","32","149","7.7413462678259","4.3758459834886","3"
"Sikkim","2023","Summer","Surface Suction","23","57","41","121","4.6708360385274","6.9671544902982","4"
"Sikkim","2023","Summer","Floating","28","46","21","95","2.1144912086227","4.9888465514815","3"
"Sikkim","2023","Monsoon","Submersible","19","12","24","55","18.7270511565","1.1111474604757","3"
"Sikkim","2023","Monsoon","Surface Suction","49","59","54","162","9.6718609620866","4.0062842667665","2"
"Sikkim","2023","Monsoon","Floating","11","53","42","106","7.5277507546895","5.0335776395954","4"
"Sikkim","2023","Winter","Submersible","44","58","48","150","11.796687888795","2.2036982267479","3"
"Sikkim","2023","Winter","Surface Suction","42","17","31","90","4.9859070000922","2.3493206813532","1"
"Sikkim","2023","Winter","Floating","33","35","61","129","18.042444764908","6.5047373313461","3"
"Sikkim","2024","Summer","Submersible","11","15","40","66","8.0071118853992","6.2223754493542","3"
"Sikkim","2024","Summer","Surface Suction","50","33","41","124","2.361090145201","1.3376499286674","4"
"Sikkim","2024","Summer","Floating","36","42","41","119","15.653031256458","3.7319104603716","1"
"Sikkim","2024","Monsoon","Submersible","28","22","45","95","8.4849140641316","3.5499714425192","2"
"Sikkim","2024","Monsoon","Surface Suction","56","53","49","158","11.743582562714","3.858936384123","3"
"Sikkim","2024","Monsoon","Floating","32","22","36","90","1.4932328929045","6.4866422185243","4"
"Sikkim","2024","Winter","Submersible","22","12","45","79","9.2471120186932","3.4760196640212","3"
"Sikkim","2024","Winter","Surface Suction","12","10","45","67","5.495805288436","1.656399552762","3"
"Sikkim","2024","Winter","Floating","22","56","33","111","8.5381064127261","4.3121090337739","4"
"Sikkim","2025","Summer","Submersible","13","45","62","120","8.0169047130696","2.2405631444186","3"
"Sikkim","2025","Summer","Surface Suction","62","20","46","128","6.9221448156479","2.0356546774136","2"
"Sikkim","2025","Summer","Floating","21","58","29","108","9.9995452992484","1.8454236621279","2"
"Sikkim","2025","Monsoon","Submersible","18","26","57","101","8.4350996056839","1.880809790524","2"
"Sikkim","2025","Monsoon","Surface Suction","46","15","40","101","14.677907417992","1.4414877669381","1"
"Sikkim","2025","Monsoon","Floating","20","53","33","106","2.6528774890793","4.1118321439961","4"
"Sikkim","2025","Winter","Submersible","14","17","24","55","19.323560496691","5.9261916825786","1"
"Sikkim","2025","Winter","Surface Suction","35","15","35","85","2.5132229115917","1.8302713752515","3"
"Sikkim","2025","Winter","Floating","53","46","25","124","8.5712922520358","5.3595145949587","3"
"Tamil Nadu","2015","Summer","Submersible","46","18","22","86","12.756443585188","1.0560697209175","4"
"Tamil Nadu","2015","Summer","Surface Suction","21","53","50","124","13.680497233841","2.5922183987221","2"
"Tamil Nadu","2015","Summer","Floating","63","23","32","118","18.620385517594","6.0484986161521","2"
"Tamil Nadu","2015","Monsoon","Submersible","13","11","54","78","15.591528977225","4.4512497583768","2"
"Tamil Nadu","2015","Monsoon","Surface Suction","21","28","29","78","1.5931168186177","1.4193508713277","1"
"Tamil Nadu","2015","Monsoon","Floating","66","18","28","112","19.417083957354","6.6848634063737","2"
"Tamil Nadu","2015","Winter","Submersible","20","20","27","67","12.68110112022","5.5653488377674","4"
"Tamil Nadu","2015","Winter","Surface Suction","48","44","27","119","15.320517990386","3.0328070195627","1"
"Tamil Nadu","2015","Winter","Floating","62","28","26","116","9.296996074081","4.2251386012183","3"
"Tamil Nadu","2016","Summer","Submersible","69","45","36","150","18.119783012984","1.2475019408304","4"
"Tamil Nadu","2016","Summer","Surface Suction","54","37","39","130","13.17733333844","4.8826675658446","4"
"Tamil Nadu","2016","Summer","Floating","41","10","36","87","1.5763615448557","5.5779933862717","4"
"Tamil Nadu","2016","Monsoon","Submersible","11","41","64","116","9.7619403174565","5.2721761423267","4"
"Tamil Nadu","2016","Monsoon","Surface Suction","10","14","54","78","18.607023542661","5.7092979003268","2"
"Tamil Nadu","2016","Monsoon","Floating","33","13","33","79","6.1070642709558","3.5751434917602","3"
"Tamil Nadu","2016","Winter","Submersible","64","16","61","141","11.875015048144","1.0944158822413","1"
"Tamil Nadu","2016","Winter","Surface Suction","45","23","37","105","5.0370672469142","5.6638128888635","2"
"Tamil Nadu","2016","Winter","Floating","46","32","26","104","11.920603218996","3.7623170540502","4"
"Tamil Nadu","2017","Summer","Submersible","51","45","34","130","12.727454114192","5.5076387016265","2"
"Tamil Nadu","2017","Summer","Surface Suction","63","25","38","126","19.599722145742","6.2930003468262","2"
"Tamil Nadu","2017","Summer","Floating","53","25","20","98","13.225306125302","3.4560695252944","3"
"Tamil Nadu","2017","Monsoon","Submersible","37","10","24","71","19.910328971806","1.7131154708574","2"
"Tamil Nadu","2017","Monsoon","Surface Suction","22","10","35","67","4.8990701673191","5.3781977646803","4"
"Tamil Nadu","2017","Monsoon","Floating","25","24","61","110","14.204866838545","1.692399149685","1"
"Tamil Nadu","2017","Winter","Submersible","62","26","60","148","7.3531609211822","4.5465722832137","2"
"Tamil Nadu","2017","Winter","Surface Suction","37","16","28","81","19.457887787754","1.3344131590084","3"
"Tamil Nadu","2017","Winter","Floating","55","56","34","145","9.6276542349685","1.4711631156494","4"
"Tamil Nadu","2018","Summer","Submersible","54","15","56","125","16.980690265669","4.1295970779467","1"
"Tamil Nadu","2018","Summer","Surface Suction","15","35","58","108","0.10051006730624","3.5669407398295","4"
"Tamil Nadu","2018","Summer","Floating","48","22","32","102","3.4916796935272","2.7163603099557","2"
"Tamil Nadu","2018","Monsoon","Submersible","66","28","57","151","4.1972935455824","4.5945959506165","1"
"Tamil Nadu","2018","Monsoon","Surface Suction","32","34","47","113","7.4449059037214","5.3239867270472","2"
"Tamil Nadu","2018","Monsoon","Floating","39","26","59","124","11.315031284492","3.1927089079196","1"
"Tamil Nadu","2018","Winter","Submersible","57","49","35","141","7.3988826410894","2.6737971665212","3"
"Tamil Nadu","2018","Winter","Surface Suction","57","32","31","120","1.6854111836153","5.8711701989955","4"
"Tamil Nadu","2018","Winter","Floating","27","25","35","87","19.378457474375","4.4396601325192","2"
"Tamil Nadu","2019","Summer","Submersible","37","50","32","119","14.854614589082","3.485849874005","2"
"Tamil Nadu","2019","Summer","Surface Suction","60","21","51","132","7.8295946066803","6.0697022636356","2"
"Tamil Nadu","2019","Summer","Floating","61","25","39","125","7.4017856013994","1.1100303340639","4"
"Tamil Nadu","2019","Monsoon","Submersible","47","17","38","102","9.4308025317633","1.8990288051278","2"
"Tamil Nadu","2019","Monsoon","Surface Suction","31","53","36","120","7.3426567062053","6.4460916713149","4"
"Tamil Nadu","2019","Monsoon","Floating","41","22","40","103","0.40954166724396","4.1312506622415","1"
"Tamil Nadu","2019","Winter","Submersible","67","36","54","157","11.578743524107","4.8830066323059","1"
"Tamil Nadu","2019","Winter","Surface Suction","50","57","50","157","6.2267848585883","4.4066617385913","3"
"Tamil Nadu","2019","Winter","Floating","27","32","42","101","2.1721480469299","3.8367600718095","1"
"Tamil Nadu","2020","Summer","Submersible","25","48","64","137","13.542025527147","2.1935041570916","4"
"Tamil Nadu","2020","Summer","Surface Suction","65","33","32","130","5.7870482044449","2.5210060966346","1"
"Tamil Nadu","2020","Summer","Floating","13","43","47","103","9.4056787252647","4.4149058839274","2"
"Tamil Nadu","2020","Monsoon","Submersible","35","56","45","136","5.0261537428431","1.9972032208525","4"
"Tamil Nadu","2020","Monsoon","Surface Suction","20","19","42","81","13.338107733684","2.4041690518412","1"
"Tamil Nadu","2020","Monsoon","Floating","27","58","46","131","9.6853239621945","4.2998739183032","2"
"Tamil Nadu","2020","Winter","Submersible","37","37","64","138","11.994380222206","2.0654320157897","2"
"Tamil Nadu","2020","Winter","Surface Suction","14","59","30","103","11.356562223446","5.9895897786465","3"
"Tamil Nadu","2020","Winter","Floating","48","50","56","154","16.859007803536","3.8205757507091","2"
"Tamil Nadu","2021","Summer","Submersible","62","31","50","143","12.320770566799","1.7454202333349","4"
"Tamil Nadu","2021","Summer","Surface Suction","29","48","47","124","8.7781748041248","6.719003060627","2"
"Tamil Nadu","2021","Summer","Floating","57","44","51","152","9.5843251486703","5.0524266228118","4"
"Tamil Nadu","2021","Monsoon","Submersible","55","48","54","157","6.5026585680053","3.8266621299865","1"
"Tamil Nadu","2021","Monsoon","Surface Suction","15","26","36","77","2.9482556726797","5.2490195310134","1"
"Tamil Nadu","2021","Monsoon","Floating","46","49","58","153","7.472816369334","2.9974725773884","1"
"Tamil Nadu","2021","Winter","Submersible","57","23","46","126","9.5324832101726","6.194205953944","1"
"Tamil Nadu","2021","Winter","Surface Suction","47","26","38","111","15.258977570231","5.5569194151298","3"
"Tamil Nadu","2021","Winter","Floating","31","13","36","80","18.556201232954","2.9959395989253","3"
"Tamil Nadu","2022","Summer","Submersible","40","20","57","117","8.5864268393527","6.7963367965912","2"
"Tamil Nadu","2022","Summer","Surface Suction","35","36","27","98","18.726938949422","4.5495959375004","3"
"Tamil Nadu","2022","Summer","Floating","43","25","60","128","5.5817027230257","4.4762783640877","3"
"Tamil Nadu","2022","Monsoon","Submersible","31","41","46","118","17.556652071516","6.3706373543806","1"
"Tamil Nadu","2022","Monsoon","Surface Suction","35","37","38","110","17.87297298181","2.7491015689072","2"
"Tamil Nadu","2022","Monsoon","Floating","54","17","57","128","18.439112602655","1.8446227466273","3"
"Tamil Nadu","2022","Winter","Submersible","55","35","50","140","15.28186000426","4.7161078356178","4"
"Tamil Nadu","2022","Winter","Surface Suction","44","48","47","139","12.854920921506","6.3564552579781","1"
"Tamil Nadu","2022","Winter","Floating","29","14","56","99","10.24063237383","1.821512943974","2"
"Tamil Nadu","2023","Summer","Submersible","54","57","53","164","18.295078026759","4.2215395685207","2"
"Tamil Nadu","2023","Summer","Surface Suction","69","59","27","155","14.055820427557","3.7166087770684","4"
"Tamil Nadu","2023","Summer","Floating","31","29","32","92","14.858174399074","6.3991436910952","3"
"Tamil Nadu","2023","Monsoon","Submersible","28","54","56","138","3.843454664289","1.5204866068238","4"
"Tamil Nadu","2023","Monsoon","Surface Suction","31","48","55","134","12.660578108155","4.4697316910404","3"
"Tamil Nadu","2023","Monsoon","Floating","42","11","61","114","0.42344727470757","3.088080122581","4"
"Tamil Nadu","2023","Winter","Submersible","24","40","33","97","8.3223708886372","1.1014588795382","1"
"Tamil Nadu","2023","Winter","Surface Suction","27","29","36","92","13.005014392924","2.8749299568571","4"
"Tamil Nadu","2023","Winter","Floating","69","53","28","150","19.571567897187","6.7926533244323","3"
"Tamil Nadu","2024","Summer","Submersible","19","26","55","100","3.3628217178949","6.8325759592739","2"
"Tamil Nadu","2024","Summer","Surface Suction","17","22","42","81","6.7551197426446","5.2181901998448","2"
"Tamil Nadu","2024","Summer","Floating","56","32","60","148","13.503788310232","4.7998730466197","2"
"Tamil Nadu","2024","Monsoon","Submersible","26","54","38","118","5.6971226192152","1.1454415541343","1"
"Tamil Nadu","2024","Monsoon","Surface Suction","23","11","58","92","13.379074201365","5.4820509975818","3"
"Tamil Nadu","2024","Monsoon","Floating","41","30","59","130","0.21052092619403","6.9422452561278","4"
"Tamil Nadu","2024","Winter","Submersible","48","31","62","141","1.4593666585138","5.9267566269111","4"
"Tamil Nadu","2024","Winter","Surface Suction","11","23","57","91","12.919285249983","3.608809202619","2"
"Tamil Nadu","2024","Winter","Floating","65","50","55","170","2.4661161064285","3.9186796701463","1"
"Tamil Nadu","2025","Summer","Submersible","39","33","39","111","13.572988743657","1.3911986002369","3"
"Tamil Nadu","2025","Summer","Surface Suction","35","22","27","84","18.492456356851","3.3855512158639","1"
"Tamil Nadu","2025","Summer","Floating","29","23","51","103","15.678505582838","4.1156804943716","1"
"Tamil Nadu","2025","Monsoon","Submersible","61","13","40","114","17.773864295696","2.4413629983733","2"
"Tamil Nadu","2025","Monsoon","Surface Suction","57","33","27","117","10.775451722302","2.5459421379469","2"
"Tamil Nadu","2025","Monsoon","Floating","25","44","36","105","2.62242419033","3.732184807369","1"
"Tamil Nadu","2025","Winter","Submersible","48","27","31","106","8.2312754380206","4.1128498725061","4"
"Tamil Nadu","2025","Winter","Surface Suction","58","24","20","102","8.9095536616669","6.2420363630786","1"
"Tamil Nadu","2025","Winter","Floating","11","18","28","57","9.5124122861652","3.5463777564912","3"
"Telangana","2015","Summer","Submersible","62","24","26","112","8.5488384171312","4.7598620998706","4"
"Telangana","2015","Summer","Surface Suction","11","57","58","126","10.771667717084","2.5026604105216","2"
"Telangana","2015","Summer","Floating","49","48","23","120","2.9504766835469","1.5793028715865","4"
"Telangana","2015","Monsoon","Submersible","40","34","60","134","3.7522197709085","1.1298874155235","1"
"Telangana","2015","Monsoon","Surface Suction","45","59","27","131","1.7150210182221","3.765524637518","4"
"Telangana","2015","Monsoon","Floating","62","30","46","138","4.0292299158632","2.4051665537009","3"
"Telangana","2015","Winter","Submersible","52","44","59","155","6.1086338536606","2.9287748676868","1"
"Telangana","2015","Winter","Surface Suction","61","50","27","138","15.771036840165","2.0031751272836","4"
"Telangana","2015","Winter","Floating","30","32","57","119","13.61857073287","6.3834599511499","2"
"Telangana","2016","Summer","Submersible","22","32","48","102","12.450317368254","2.8903389796456","1"
"Telangana","2016","Summer","Surface Suction","38","59","34","131","13.578908485613","5.3505761133859","4"
"Telangana","2016","Summer","Floating","38","54","27","119","0.36912838086045","4.2736507865629","1"
"Telangana","2016","Monsoon","Submersible","58","59","64","181","8.3146849664677","3.2777852049138","1"
"Telangana","2016","Monsoon","Surface Suction","46","17","46","109","12.953387122417","3.7104505210927","4"
"Telangana","2016","Monsoon","Floating","54","53","38","145","6.9409405190755","3.5144480987526","1"
"Telangana","2016","Winter","Submersible","36","16","63","115","5.4741983434569","4.0362176213649","3"
"Telangana","2016","Winter","Surface Suction","45","28","25","98","10.198649908153","1.7785734009776","2"
"Telangana","2016","Winter","Floating","46","36","32","114","16.780983361587","6.5885331645173","1"
"Telangana","2017","Summer","Submersible","42","33","63","138","8.0577915791326","6.6113068610253","2"
"Telangana","2017","Summer","Surface Suction","64","39","41","144","3.6853015234149","2.2783633061052","1"
"Telangana","2017","Summer","Floating","45","22","26","93","10.289592842621","5.2807441626043","3"
"Telangana","2017","Monsoon","Submersible","15","29","54","98","19.087387244565","6.5279378025809","2"
"Telangana","2017","Monsoon","Surface Suction","67","21","49","137","7.6838836985196","3.594003399272","1"
"Telangana","2017","Monsoon","Floating","67","14","60","141","18.444617396775","3.8814202808262","4"
"Telangana","2017","Winter","Submersible","58","51","40","149","7.2092605829851","3.5825314485278","2"
"Telangana","2017","Winter","Surface Suction","67","24","36","127","14.97654927208","5.0032797504514","1"
"Telangana","2017","Winter","Floating","34","17","24","75","3.2806146291878","6.7331062385034","2"
"Telangana","2018","Summer","Submersible","63","32","30","125","13.151366115692","6.2987164400487","3"
"Telangana","2018","Summer","Surface Suction","21","11","54","86","15.650240164117","4.2650929253878","4"
"Telangana","2018","Summer","Floating","31","47","26","104","14.769679443722","5.8364929923696","3"
"Telangana","2018","Monsoon","Submersible","12","39","25","76","1.5526377049959","5.280771690199","1"
"Telangana","2018","Monsoon","Surface Suction","27","53","50","130","18.165171093541","2.8568894751692","4"
"Telangana","2018","Monsoon","Floating","27","18","40","85","3.8560558935321","3.3362080622884","4"
"Telangana","2018","Winter","Submersible","52","33","53","138","11.093873712941","1.4820211994169","1"
"Telangana","2018","Winter","Surface Suction","32","22","33","87","19.112427595627","1.1717871630139","2"
"Telangana","2018","Winter","Floating","69","48","45","162","8.2813565153563","2.3963814512203","3"
"Telangana","2019","Summer","Submersible","61","30","37","128","14.241268428183","4.4797718832107","4"
"Telangana","2019","Summer","Surface Suction","39","11","38","88","3.3282856862188","5.7182043157702","2"
"Telangana","2019","Summer","Floating","23","15","31","69","7.0094040463586","6.1528834880491","2"
"Telangana","2019","Monsoon","Submersible","67","39","60","166","2.8412321888612","5.2287750167931","4"
"Telangana","2019","Monsoon","Surface Suction","58","43","35","136","9.7618452052995","6.5645370188966","2"
"Telangana","2019","Monsoon","Floating","40","11","23","74","4.0250072910234","2.7080463516809","2"
"Telangana","2019","Winter","Submersible","49","34","44","127","1.4469701979497","5.7170960151893","2"
"Telangana","2019","Winter","Surface Suction","49","47","57","153","12.675580790865","6.2807881206018","4"
"Telangana","2019","Winter","Floating","28","48","54","130","17.354109195334","1.0128455160729","2"
"Telangana","2020","Summer","Submersible","19","37","33","89","6.7657118441982","5.8484660062038","1"
"Telangana","2020","Summer","Surface Suction","37","42","25","104","10.064566907722","3.788705235625","3"
"Telangana","2020","Summer","Floating","52","56","54","162","3.5679650385716","4.0784165371806","2"
"Telangana","2020","Monsoon","Submersible","60","21","21","102","15.771635302169","5.2481427039875","4"
"Telangana","2020","Monsoon","Surface Suction","31","50","62","143","17.868869307525","2.1649161797113","2"
"Telangana","2020","Monsoon","Floating","30","30","40","100","17.366479273007","6.3594168832597","1"
"Telangana","2020","Winter","Submersible","48","18","37","103","9.4107586958055","6.6938640647176","2"
"Telangana","2020","Winter","Surface Suction","19","50","43","112","8.4665345404505","4.7570767175471","4"
"Telangana","2020","Winter","Floating","42","47","63","152","12.17368441207","3.3964099524468","1"
"Telangana","2021","Summer","Submersible","43","20","50","113","16.355913619588","4.4070457633103","3"
"Telangana","2021","Summer","Surface Suction","27","49","60","136","15.874348515704","5.7112172074769","1"
"Telangana","2021","Summer","Floating","10","13","43","66","3.8708674647915","4.3230417533724","4"
"Telangana","2021","Monsoon","Submersible","35","32","34","101","12.855038279191","4.2177901947831","3"
"Telangana","2021","Monsoon","Surface Suction","47","44","55","146","14.914766300824","2.231630047304","2"
"Telangana","2021","Monsoon","Floating","47","38","62","147","16.938451991018","3.2583309786497","4"
"Telangana","2021","Winter","Submersible","45","54","35","134","12.83550808882","3.8316241945318","2"
"Telangana","2021","Winter","Surface Suction","31","23","43","97","7.7731200308703","3.5978052819943","4"
"Telangana","2021","Winter","Floating","48","25","57","130","12.468762673882","3.0618838506724","4"
"Telangana","2022","Summer","Submersible","17","39","46","102","5.1082084170369","4.6811673049814","2"
"Telangana","2022","Summer","Surface Suction","50","24","44","118","0.02044599188896","4.601091665886","3"
"Telangana","2022","Summer","Floating","54","48","44","146","6.5450061581163","2.7384256031733","2"
"Telangana","2022","Monsoon","Submersible","22","38","57","117","0.40472465279901","4.143959004788","1"
"Telangana","2022","Monsoon","Surface Suction","46","23","56","125","19.480624499441","6.468724020729","2"
"Telangana","2022","Monsoon","Floating","12","56","59","127","7.210658357033","5.7909757816235","2"
"Telangana","2022","Winter","Submersible","23","59","38","120","4.1672157814971","3.7706221983777","2"
"Telangana","2022","Winter","Surface Suction","26","37","38","101","9.744991206909","3.1326200843472","3"
"Telangana","2022","Winter","Floating","42","16","48","106","8.2939623661026","1.4940529785803","1"
"Telangana","2023","Summer","Submersible","52","17","61","130","16.2910757404","4.2016306067339","2"
"Telangana","2023","Summer","Surface Suction","51","58","39","148","12.002809664269","5.2655778204873","3"
"Telangana","2023","Summer","Floating","24","43","64","131","9.251266166276","4.6083053366124","2"
"Telangana","2023","Monsoon","Submersible","58","13","60","131","6.360194096286","5.777801115806","4"
"Telangana","2023","Monsoon","Surface Suction","30","50","35","115","1.3439514150475","2.5189127529377","1"
"Telangana","2023","Monsoon","Floating","35","58","64","157","8.8498262733607","4.8816802500238","1"
"Telangana","2023","Winter","Submersible","14","18","63","95","17.225726655095","2.3434372114809","4"
"Telangana","2023","Winter","Surface Suction","49","24","25","98","19.842529427046","1.5376823439719","1"
"Telangana","2023","Winter","Floating","39","27","54","120","11.65107674084","1.4260406813355","1"
"Telangana","2024","Summer","Submersible","39","30","57","126","14.967927124195","5.5527648562259","3"
"Telangana","2024","Summer","Surface Suction","27","38","57","122","8.5568114125411","2.9837977291573","3"
"Telangana","2024","Summer","Floating","27","46","57","130","16.506031246854","1.3984625222364","1"
"Telangana","2024","Monsoon","Submersible","29","18","20","67","6.4139857008265","4.9527167060855","1"
"Telangana","2024","Monsoon","Surface Suction","32","18","38","88","3.1856607469892","3.6123363767681","4"
"Telangana","2024","Monsoon","Floating","28","32","46","106","12.990209870038","1.438310660864","3"
"Telangana","2024","Winter","Submersible","36","55","53","144","0.40047069039413","4.4198969142719","2"
"Telangana","2024","Winter","Surface Suction","29","49","54","132","3.8076654212194","6.6456771596239","2"
"Telangana","2024","Winter","Floating","54","50","28","132","10.496335007295","4.2636184737416","1"
"Telangana","2025","Summer","Submersible","31","25","51","107","12.60014270893","6.0725152102046","2"
"Telangana","2025","Summer","Surface Suction","43","17","55","115","18.119038383893","6.4057809762326","4"
"Telangana","2025","Summer","Floating","37","55","63","155","2.5474407206672","5.9423457168219","1"
"Telangana","2025","Monsoon","Submersible","53","16","27","96","9.445619286576","4.3230164950133","1"
"Telangana","2025","Monsoon","Surface Suction","46","51","63","160","1.5004417778584","6.3739073824115","4"
"Telangana","2025","Monsoon","Floating","56","48","49","153","15.535365427001","4.7550799963037","3"
"Telangana","2025","Winter","Submersible","67","18","25","110","0.35747061672632","3.0083361214879","2"
"Telangana","2025","Winter","Surface Suction","61","45","21","127","1.1340930274009","4.3828203466699","2"
"Telangana","2025","Winter","Floating","59","18","20","97","18.225123036686","3.4225396628701","2"
"Tripura","2015","Summer","Submersible","52","40","33","125","0.48340704267007","2.8380674512129","3"
"Tripura","2015","Summer","Surface Suction","38","56","38","132","2.8012911871787","3.0896476921791","3"
"Tripura","2015","Summer","Floating","37","33","47","117","17.485931204443","1.8071529537351","1"
"Tripura","2015","Monsoon","Submersible","44","13","33","90","5.8148773178135","4.6886257189376","4"
"Tripura","2015","Monsoon","Surface Suction","29","24","26","79","13.072059050705","6.0289552084065","2"
"Tripura","2015","Monsoon","Floating","63","21","37","121","11.582285397512","4.7037464563157","3"
"Tripura","2015","Winter","Submersible","46","25","24","95","13.649860674743","6.085414288615","1"
"Tripura","2015","Winter","Surface Suction","50","36","50","136","15.016227627489","2.5932651088194","1"
"Tripura","2015","Winter","Floating","59","38","20","117","9.503954389139","6.6707050440553","4"
"Tripura","2016","Summer","Submersible","31","27","41","99","17.829077462895","6.0860871877733","2"
"Tripura","2016","Summer","Surface Suction","68","14","53","135","7.2459086517914","2.9116262276959","1"
"Tripura","2016","Summer","Floating","16","46","34","96","10.776387344993","3.6766858427511","2"
"Tripura","2016","Monsoon","Submersible","55","35","29","119","14.604883325405","4.0748482247171","4"
"Tripura","2016","Monsoon","Surface Suction","22","36","28","86","13.029783070592","2.5542352607231","2"
"Tripura","2016","Monsoon","Floating","18","31","42","91","9.2355631156098","2.5384429491321","4"
"Tripura","2016","Winter","Submersible","38","26","39","103","4.4549664875838","5.4913883107218","4"
"Tripura","2016","Winter","Surface Suction","28","29","63","120","3.7639996335972","2.7116679816453","1"
"Tripura","2016","Winter","Floating","50","22","58","130","2.8612136440942","6.5478020655862","4"
"Tripura","2017","Summer","Submersible","31","43","27","101","1.4241343508247","5.7921242255822","4"
"Tripura","2017","Summer","Surface Suction","69","51","21","141","19.101971123314","2.1580899124342","3"
"Tripura","2017","Summer","Floating","62","21","51","134","9.557813218915","5.3643837630757","1"
"Tripura","2017","Monsoon","Submersible","13","35","55","103","8.861518658669","1.9944940923307","3"
"Tripura","2017","Monsoon","Surface Suction","57","14","38","109","12.529277105081","4.2284772572443","1"
"Tripura","2017","Monsoon","Floating","25","49","58","132","5.7442514225472","6.6410563798063","2"
"Tripura","2017","Winter","Submersible","34","35","33","102","7.0627558656235","6.7010842649082","4"
"Tripura","2017","Winter","Surface Suction","56","24","51","131","18.992042940673","2.9744645013402","2"
"Tripura","2017","Winter","Floating","29","19","29","77","13.875158406982","3.3677744194362","4"
"Tripura","2018","Summer","Submersible","36","49","20","105","3.5408288211981","4.8040046044959","1"
"Tripura","2018","Summer","Surface Suction","25","14","53","92","15.131053201156","4.663078984553","1"
"Tripura","2018","Summer","Floating","66","22","43","131","9.7281819798217","2.3485002290641","1"
"Tripura","2018","Monsoon","Submersible","22","36","39","97","0.8895437760632","5.5127370294918","4"
"Tripura","2018","Monsoon","Surface Suction","38","49","38","125","0.36914451079888","5.9913283825404","4"
"Tripura","2018","Monsoon","Floating","50","30","41","121","14.452944041221","2.9281066011383","4"
"Tripura","2018","Winter","Submersible","38","25","20","83","15.049461818715","1.1836329780214","1"
"Tripura","2018","Winter","Surface Suction","55","28","40","123","14.197908667629","1.2871935934366","1"
"Tripura","2018","Winter","Floating","50","49","64","163","5.0440010123383","2.5631046726158","1"
"Tripura","2019","Summer","Submersible","10","46","25","81","9.6490294076224","4.5840958058671","1"
"Tripura","2019","Summer","Surface Suction","57","14","56","127","0.043681890111145","6.3324784285099","4"
"Tripura","2019","Summer","Floating","15","24","34","73","16.127105615872","1.984886443354","4"
"Tripura","2019","Monsoon","Submersible","51","55","50","156","6.2423893067841","3.8905349783739","1"
"Tripura","2019","Monsoon","Surface Suction","20","20","44","84","13.386623574055","4.79555960983","1"
"Tripura","2019","Monsoon","Floating","29","30","29","88","6.8887657685702","5.7199150964581","1"
"Tripura","2019","Winter","Submersible","14","49","30","93","13.433321144189","2.1770836416279","2"
"Tripura","2019","Winter","Surface Suction","63","48","24","135","1.9390278525343","3.1073021178309","2"
"Tripura","2019","Winter","Floating","41","57","30","128","18.846870153427","6.9179010536321","2"
"Tripura","2020","Summer","Submersible","40","21","63","124","6.0190455282318","4.2362759081689","4"
"Tripura","2020","Summer","Surface Suction","14","20","44","78","2.3595799887405","5.9992567414616","2"
"Tripura","2020","Summer","Floating","64","20","51","135","17.794706695661","5.2018381233028","4"
"Tripura","2020","Monsoon","Submersible","29","51","53","133","2.6944089018133","3.4479489008175","4"
"Tripura","2020","Monsoon","Surface Suction","67","18","35","120","13.103442863558","4.0432236206069","1"
"Tripura","2020","Monsoon","Floating","68","54","60","182","2.1289517766622","6.8154436452214","3"
"Tripura","2020","Winter","Submersible","30","24","22","76","19.23333544365","4.293710448147","4"
"Tripura","2020","Winter","Surface Suction","23","18","26","67","17.798621117802","4.9052730249747","4"
"Tripura","2020","Winter","Floating","17","43","59","119","9.4273622034599","6.2117690230622","3"
"Tripura","2021","Summer","Submersible","14","39","41","94","17.106289287259","4.524490982756","2"
"Tripura","2021","Summer","Surface Suction","59","11","33","103","14.239059761311","3.9594609756007","2"
"Tripura","2021","Summer","Floating","14","20","59","93","8.9859164179251","2.7226546655654","1"
"Tripura","2021","Monsoon","Submersible","58","41","55","154","16.281338119025","4.6366575991178","2"
"Tripura","2021","Monsoon","Surface Suction","65","26","31","122","2.162918846744","4.0390072062216","4"
"Tripura","2021","Monsoon","Floating","66","27","37","130","15.070078022146","4.1506143888535","4"
"Tripura","2021","Winter","Submersible","59","27","35","121","19.986598429862","6.9415938383736","2"
"Tripura","2021","Winter","Surface Suction","19","14","40","73","4.9523777439781","6.0012377892626","3"
"Tripura","2021","Winter","Floating","15","23","23","61","1.6285537741387","3.6150422132364","3"
"Tripura","2022","Summer","Submersible","61","47","35","143","4.2115838100989","4.5579309326951","3"
"Tripura","2022","Summer","Surface Suction","28","13","52","93","16.384611536802","1.4793621267482","1"
"Tripura","2022","Summer","Floating","54","39","53","146","16.689084297834","3.1647304064724","4"
"Tripura","2022","Monsoon","Submersible","53","42","60","155","1.3233744345036","2.2956292241208","3"
"Tripura","2022","Monsoon","Surface Suction","16","28","43","87","13.359461216444","4.2291662301064","4"
"Tripura","2022","Monsoon","Floating","61","13","57","131","5.9994781630907","1.962245411","3"
"Tripura","2022","Winter","Submersible","49","46","30","125","3.6003609010161","3.6016362004572","4"
"Tripura","2022","Winter","Surface Suction","17","34","37","88","12.399325829257","4.213688691246","2"
"Tripura","2022","Winter","Floating","16","59","63","138","5.4981667496448","5.3007863001962","2"
"Tripura","2023","Summer","Submersible","39","27","50","116","0.50742976084631","5.5009016877911","1"
"Tripura","2023","Summer","Surface Suction","59","44","42","145","8.4058052010851","4.4624646557906","3"
"Tripura","2023","Summer","Floating","45","29","22","96","4.1777778542969","5.6508764663716","4"
"Tripura","2023","Monsoon","Submersible","38","16","21","75","18.088506846343","2.1886251654465","2"
"Tripura","2023","Monsoon","Surface Suction","45","41","64","150","12.446307129085","4.9700503643052","3"
"Tripura","2023","Monsoon","Floating","32","59","30","121","6.7898783011989","5.0809512805533","2"
"Tripura","2023","Winter","Submersible","68","44","34","146","19.633690118741","3.1004278736497","2"
"Tripura","2023","Winter","Surface Suction","37","41","44","122","3.7430438519786","1.1957453284383","3"
"Tripura","2023","Winter","Floating","37","10","24","71","14.047922850809","4.3423955961035","4"
"Tripura","2024","Summer","Submersible","11","27","32","70","10.47344799998","3.9122342272273","3"
"Tripura","2024","Summer","Surface Suction","20","39","51","110","3.4712136014564","6.4770331491639","2"
"Tripura","2024","Summer","Floating","64","37","29","130","2.809946297216","3.3363211280062","3"
"Tripura","2024","Monsoon","Submersible","28","26","43","97","18.453628680132","1.0160090080557","2"
"Tripura","2024","Monsoon","Surface Suction","55","45","47","147","14.085685397586","2.5168534677899","2"
"Tripura","2024","Monsoon","Floating","18","30","31","79","7.137773245608","2.7993144403348","4"
"Tripura","2024","Winter","Submersible","65","13","50","128","0.86027928760111","6.2203311586557","1"
"Tripura","2024","Winter","Surface Suction","15","14","46","75","13.779115803423","2.0496760821462","1"
"Tripura","2024","Winter","Floating","50","16","51","117","15.101613242434","5.5176573261018","1"
"Tripura","2025","Summer","Submersible","28","48","25","101","11.76210396484","6.5051078112974","1"
"Tripura","2025","Summer","Surface Suction","51","28","50","129","10.895733080604","1.8435089874934","3"
"Tripura","2025","Summer","Floating","12","12","37","61","7.1396738428023","4.0761284339729","1"
"Tripura","2025","Monsoon","Submersible","31","59","34","124","9.326059799638","6.1639113243257","2"
"Tripura","2025","Monsoon","Surface Suction","61","38","51","150","17.840602308196","1.1863699385382","3"
"Tripura","2025","Monsoon","Floating","59","32","50","141","13.316987292003","1.430076278052","3"
"Tripura","2025","Winter","Submersible","30","11","23","64","2.9876909354246","3.8149962914044","2"
"Tripura","2025","Winter","Surface Suction","16","28","63","107","5.4583432064874","1.0147275186631","1"
"Tripura","2025","Winter","Floating","35","53","31","119","15.975436582293","6.671138566762","2"
"Uttar Pradesh","2015","Summer","Submersible","39","53","39","131","1.3797461651736","6.8105876553548","2"
"Uttar Pradesh","2015","Summer","Surface Suction","61","50","53","164","9.222835557614","2.8670017886286","1"
"Uttar Pradesh","2015","Summer","Floating","10","24","51","85","3.3367646884167","1.1385128833106","1"
"Uttar Pradesh","2015","Monsoon","Submersible","41","42","24","107","16.045776327274","6.9292209563618","2"
"Uttar Pradesh","2015","Monsoon","Surface Suction","45","42","42","129","5.0512214253905","3.2336779408594","1"
"Uttar Pradesh","2015","Monsoon","Floating","40","16","36","92","5.4393021555617","5.3240072047608","3"
"Uttar Pradesh","2015","Winter","Submersible","46","24","44","114","1.6372301183259","2.8048369665126","2"
"Uttar Pradesh","2015","Winter","Surface Suction","36","58","51","145","7.1475280689592","6.79596245445","2"
"Uttar Pradesh","2015","Winter","Floating","35","43","33","111","15.901749213205","1.0796112451652","3"
"Uttar Pradesh","2016","Summer","Submersible","18","16","49","83","4.3388645081467","1.3670305309957","3"
"Uttar Pradesh","2016","Summer","Surface Suction","22","24","28","74","7.6177024421754","3.6398426022543","1"
"Uttar Pradesh","2016","Summer","Floating","49","12","53","114","2.104837961553","5.6137028029564","1"
"Uttar Pradesh","2016","Monsoon","Submersible","54","16","60","130","14.689367717506","3.8235508948107","3"
"Uttar Pradesh","2016","Monsoon","Surface Suction","12","24","43","79","14.003751216609","5.9576148991755","2"
"Uttar Pradesh","2016","Monsoon","Floating","60","13","33","106","1.4389271847888","1.2762709602694","3"
"Uttar Pradesh","2016","Winter","Submersible","66","40","25","131","6.3735030746573","3.4593047852516","3"
"Uttar Pradesh","2016","Winter","Surface Suction","12","37","29","78","17.955271550384","4.1166581053266","3"
"Uttar Pradesh","2016","Winter","Floating","19","42","55","116","19.06153178716","3.540551389881","4"
"Uttar Pradesh","2017","Summer","Submersible","22","33","63","118","8.0652084244497","6.6132732370706","1"
"Uttar Pradesh","2017","Summer","Surface Suction","46","45","40","131","4.0960304987833","3.2263884088212","4"
"Uttar Pradesh","2017","Summer","Floating","60","30","62","152","14.449226206779","6.013213007609","1"
"Uttar Pradesh","2017","Monsoon","Submersible","21","23","25","69","8.210332807251","6.1967725137539","3"
"Uttar Pradesh","2017","Monsoon","Surface Suction","12","51","25","88","11.263961848963","1.973377426579","2"
"Uttar Pradesh","2017","Monsoon","Floating","35","40","45","120","13.763488734445","6.9158459061131","2"
"Uttar Pradesh","2017","Winter","Submersible","15","32","47","94","4.3237714774095","5.6289092489016","1"
"Uttar Pradesh","2017","Winter","Surface Suction","64","41","53","158","3.1992583493531","1.085369342375","3"
"Uttar Pradesh","2017","Winter","Floating","16","50","40","106","3.2404483272888","5.4371466056033","3"
"Uttar Pradesh","2018","Summer","Submersible","59","28","51","138","6.1967954305536","6.6582928638257","1"
"Uttar Pradesh","2018","Summer","Surface Suction","59","54","23","136","13.442101340275","2.5131709685675","3"
"Uttar Pradesh","2018","Summer","Floating","55","53","22","130","15.236105099099","2.9745752818886","2"
"Uttar Pradesh","2018","Monsoon","Submersible","23","26","40","89","1.2979843446345","4.7555982210922","2"
"Uttar Pradesh","2018","Monsoon","Surface Suction","24","10","43","77","4.2107829367569","3.0324475777209","2"
"Uttar Pradesh","2018","Monsoon","Floating","51","51","50","152","5.6010641123311","2.6422037769316","1"
"Uttar Pradesh","2018","Winter","Submersible","56","23","38","117","3.9888067402644","4.8028924373797","3"
"Uttar Pradesh","2018","Winter","Surface Suction","63","35","27","125","6.5166003987479","2.4256852011679","4"
"Uttar Pradesh","2018","Winter","Floating","39","31","28","98","14.888294280711","6.0062671819384","3"
"Uttar Pradesh","2019","Summer","Submersible","57","13","56","126","12.451176066433","2.1320337473682","3"
"Uttar Pradesh","2019","Summer","Surface Suction","45","20","24","89","9.7612031253933","6.646842010875","4"
"Uttar Pradesh","2019","Summer","Floating","37","22","24","83","12.129155510871","5.5320335770238","2"
"Uttar Pradesh","2019","Monsoon","Submersible","14","40","25","79","15.532801487452","2.3699850195599","3"
"Uttar Pradesh","2019","Monsoon","Surface Suction","37","25","31","93","14.207752948766","4.9667835209543","1"
"Uttar Pradesh","2019","Monsoon","Floating","32","54","46","132","1.1380296099524","1.3149531037182","2"
"Uttar Pradesh","2019","Winter","Submersible","49","40","22","111","1.3125599067148","3.40866129556","2"
"Uttar Pradesh","2019","Winter","Surface Suction","32","15","47","94","8.2699427412674","3.5415149612745","1"
"Uttar Pradesh","2019","Winter","Floating","17","28","57","102","5.3412188047872","3.6408652392276","2"
"Uttar Pradesh","2020","Summer","Submersible","36","58","20","114","2.2117268792791","4.7663964133736","3"
"Uttar Pradesh","2020","Summer","Surface Suction","60","56","56","172","10.582065353209","6.2572201733499","2"
"Uttar Pradesh","2020","Summer","Floating","44","15","22","81","10.040252487995","4.5298466162835","4"
"Uttar Pradesh","2020","Monsoon","Submersible","28","37","46","111","4.5635543425834","2.9042339984047","1"
"Uttar Pradesh","2020","Monsoon","Surface Suction","30","36","25","91","11.913612716462","6.8258519791604","1"
"Uttar Pradesh","2020","Monsoon","Floating","62","26","58","146","6.5701810867573","6.7147075788783","1"
"Uttar Pradesh","2020","Winter","Submersible","34","41","27","102","5.4927375963397","2.6384887019279","1"
"Uttar Pradesh","2020","Winter","Surface Suction","28","53","49","130","14.534696727067","6.369463855388","3"
"Uttar Pradesh","2020","Winter","Floating","22","23","56","101","18.65363804721","2.5869572400849","3"
"Uttar Pradesh","2021","Summer","Submersible","22","25","63","110","13.287079053188","2.4750300260831","3"
"Uttar Pradesh","2021","Summer","Surface Suction","54","44","34","132","4.8922534013905","5.5932901245959","2"
"Uttar Pradesh","2021","Summer","Floating","55","59","39","153","17.852015794551","4.8023920303458","4"
"Uttar Pradesh","2021","Monsoon","Submersible","35","48","39","122","6.8461456965504","3.6421106433595","2"
"Uttar Pradesh","2021","Monsoon","Surface Suction","60","31","40","131","9.5018533697472","2.3436305998582","2"
"Uttar Pradesh","2021","Monsoon","Floating","32","22","60","114","16.685557981109","2.8527521788036","2"
"Uttar Pradesh","2021","Winter","Submersible","10","11","23","44","2.3280063566075","1.233374873481","4"
"Uttar Pradesh","2021","Winter","Surface Suction","59","23","39","121","5.9119824996976","6.6700346980521","4"
"Uttar Pradesh","2021","Winter","Floating","55","30","42","127","2.1632070447036","4.053257508456","4"
"Uttar Pradesh","2022","Summer","Submersible","49","51","46","146","18.896709060415","5.6776518552548","1"
"Uttar Pradesh","2022","Summer","Surface Suction","61","24","46","131","18.941750939511","4.6174528685481","2"
"Uttar Pradesh","2022","Summer","Floating","40","46","60","146","18.903771595191","2.8824115530679","3"
"Uttar Pradesh","2022","Monsoon","Submersible","68","12","36","116","16.738486598186","1.1657909971356","3"
"Uttar Pradesh","2022","Monsoon","Surface Suction","10","57","48","115","18.473786820437","3.0389621480407","4"
"Uttar Pradesh","2022","Monsoon","Floating","59","35","27","121","3.1522269812574","4.5418720629446","3"
"Uttar Pradesh","2022","Winter","Submersible","36","25","29","90","3.3977334961324","3.2983940565147","4"
"Uttar Pradesh","2022","Winter","Surface Suction","20","29","20","69","2.3085512140854","3.6275845830842","1"
"Uttar Pradesh","2022","Winter","Floating","62","46","20","128","3.7053604430518","6.786026609266","3"
"Uttar Pradesh","2023","Summer","Submersible","60","36","27","123","0.37744509181211","1.7639155735317","3"
"Uttar Pradesh","2023","Summer","Surface Suction","40","48","27","115","11.795592015562","5.6151207399756","2"
"Uttar Pradesh","2023","Summer","Floating","13","56","62","131","7.4360598254907","2.4645674349556","3"
"Uttar Pradesh","2023","Monsoon","Submersible","47","42","33","122","19.627542086524","3.0969110938486","2"
"Uttar Pradesh","2023","Monsoon","Surface Suction","17","59","35","111","4.8370589412949","5.7893270895281","2"
"Uttar Pradesh","2023","Monsoon","Floating","37","21","39","97","9.0024854527048","5.4658223040242","1"
"Uttar Pradesh","2023","Winter","Submersible","21","27","63","111","7.6692566909539","2.880480189122","2"
"Uttar Pradesh","2023","Winter","Surface Suction","27","31","38","96","14.494085502971","3.0986347413705","1"
"Uttar Pradesh","2023","Winter","Floating","45","34","55","134","8.7249982341963","6.8850602093434","2"
"Uttar Pradesh","2024","Summer","Submersible","28","21","29","78","13.050537555008","4.6724759092232","2"
"Uttar Pradesh","2024","Summer","Surface Suction","32","32","34","98","14.660484297273","2.6152603472537","1"
"Uttar Pradesh","2024","Summer","Floating","54","49","58","161","9.0512900687117","6.2871840373338","2"
"Uttar Pradesh","2024","Monsoon","Submersible","36","45","34","115","11.805067305194","2.1512602786141","2"
"Uttar Pradesh","2024","Monsoon","Surface Suction","18","16","60","94","7.9728267039277","1.7177826370964","4"
"Uttar Pradesh","2024","Monsoon","Floating","47","33","33","113","1.975381027975","3.4954991975963","4"
"Uttar Pradesh","2024","Winter","Submersible","36","16","28","80","7.5141161076054","5.5471487324326","1"
"Uttar Pradesh","2024","Winter","Surface Suction","12","24","40","76","5.202319660308","6.65142983703","4"
"Uttar Pradesh","2024","Winter","Floating","15","11","48","74","7.3009138695223","1.6012680943031","4"
"Uttar Pradesh","2025","Summer","Submersible","68","13","48","129","9.5058595313102","2.1568114159988","4"
"Uttar Pradesh","2025","Summer","Surface Suction","50","32","64","146","9.2880581264129","5.904989539154","2"
"Uttar Pradesh","2025","Summer","Floating","24","43","39","106","18.01451620248","1.5932381732578","2"
"Uttar Pradesh","2025","Monsoon","Submersible","60","14","53","127","19.195499635326","4.7984116591906","4"
"Uttar Pradesh","2025","Monsoon","Surface Suction","33","12","64","109","8.3494911215633","5.5484410085248","3"
"Uttar Pradesh","2025","Monsoon","Floating","38","59","48","145","5.3459016415301","2.6652799557881","1"
"Uttar Pradesh","2025","Winter","Submersible","46","49","33","128","2.0138720220761","3.5421589119979","2"
"Uttar Pradesh","2025","Winter","Surface Suction","53","43","32","128","17.386802158147","2.4261925618374","4"
"Uttar Pradesh","2025","Winter","Floating","34","41","28","103","5.5863625812656","6.5884619667584","1"
"Uttarakhand","2015","Summer","Submersible","32","22","29","83","4.24741310605","6.1455260545744","2"
"Uttarakhand","2015","Summer","Surface Suction","61","12","47","120","19.971204969701","3.5984566155208","1"
"Uttarakhand","2015","Summer","Floating","51","54","36","141","14.522121367388","2.8868598151991","4"
"Uttarakhand","2015","Monsoon","Submersible","26","24","55","105","7.7824601923006","4.345854360059","3"
"Uttarakhand","2015","Monsoon","Surface Suction","65","40","23","128","8.0546473973393","3.060583528117","2"
"Uttarakhand","2015","Monsoon","Floating","39","54","39","132","9.6507681493335","6.6418969194356","3"
"Uttarakhand","2015","Winter","Submersible","66","59","40","165","15.739136209581","4.2761475599245","4"
"Uttarakhand","2015","Winter","Surface Suction","39","42","37","118","5.4146746484346","6.9960107369867","1"
"Uttarakhand","2015","Winter","Floating","58","52","34","144","6.8183281838418","4.2612062702447","4"
"Uttarakhand","2016","Summer","Submersible","67","55","52","174","9.76881613427","4.0167022646318","3"
"Uttarakhand","2016","Summer","Surface Suction","52","11","21","84","17.096401059844","3.2894463269531","4"
"Uttarakhand","2016","Summer","Floating","55","12","58","125","16.078870615521","5.7999500353332","1"
"Uttarakhand","2016","Monsoon","Submersible","58","45","42","145","0.35756968069636","2.2973973663459","2"
"Uttarakhand","2016","Monsoon","Surface Suction","59","10","37","106","15.129553576808","1.663475122412","4"
"Uttarakhand","2016","Monsoon","Floating","65","24","36","125","19.428036972173","1.5020859294862","4"
"Uttarakhand","2016","Winter","Submersible","54","43","51","148","4.4873365538476","3.117064710241","4"
"Uttarakhand","2016","Winter","Surface Suction","59","48","39","146","14.871788130425","3.0344448908907","1"
"Uttarakhand","2016","Winter","Floating","45","16","29","90","1.4611729206556","3.7735314570646","4"
"Uttarakhand","2017","Summer","Submersible","59","34","35","128","0.86004330889144","1.7305982655974","2"
"Uttarakhand","2017","Summer","Surface Suction","58","48","58","164","16.839442374146","3.7830060577003","4"
"Uttarakhand","2017","Summer","Floating","64","18","34","116","4.4549754054741","3.0259370128056","4"
"Uttarakhand","2017","Monsoon","Submersible","17","41","40","98","8.2813723888088","2.5221809799749","2"
"Uttarakhand","2017","Monsoon","Surface Suction","40","15","23","78","2.2191252206867","3.0622425528137","1"
"Uttarakhand","2017","Monsoon","Floating","53","24","40","117","16.167648624789","4.123162676855","1"
"Uttarakhand","2017","Winter","Submersible","65","28","58","151","0.7355558546618","6.4259970851952","2"
"Uttarakhand","2017","Winter","Surface Suction","66","38","33","137","9.9104924662369","4.0097788535386","2"
"Uttarakhand","2017","Winter","Floating","16","48","50","114","14.797315990858","4.0604151337042","3"
"Uttarakhand","2018","Summer","Submersible","61","23","55","139","10.510993403005","4.1701127353074","1"
"Uttarakhand","2018","Summer","Surface Suction","54","31","27","112","9.5908225021246","5.870281586325","4"
"Uttarakhand","2018","Summer","Floating","13","20","37","70","3.0218209521077","5.2042274571242","2"
"Uttarakhand","2018","Monsoon","Submersible","64","25","59","148","6.3663040026955","1.3287234815495","3"
"Uttarakhand","2018","Monsoon","Surface Suction","22","45","46","113","12.71749054662","6.6265180930689","3"
"Uttarakhand","2018","Monsoon","Floating","12","39","40","91","16.768254623347","6.133067052319","2"
"Uttarakhand","2018","Winter","Submersible","46","34","51","131","0.50008225701184","5.7146929023625","4"
"Uttarakhand","2018","Winter","Surface Suction","63","39","51","153","2.7928466041917","4.3106757023542","3"
"Uttarakhand","2018","Winter","Floating","34","45","43","122","0.99844971326758","1.693340193018","1"
"Uttarakhand","2019","Summer","Submersible","19","32","37","88","9.7113240456686","3.0573525480939","4"
"Uttarakhand","2019","Summer","Surface Suction","25","27","27","79","18.215036254763","5.2940588807355","3"
"Uttarakhand","2019","Summer","Floating","15","10","31","56","13.887946549598","5.6085192478463","2"
"Uttarakhand","2019","Monsoon","Submersible","26","10","51","87","16.449021819401","4.0278546259543","3"
"Uttarakhand","2019","Monsoon","Surface Suction","52","55","43","150","0.4835608750834","3.2971912929012","2"
"Uttarakhand","2019","Monsoon","Floating","45","34","29","108","7.6253143817809","4.0056321504994","4"
"Uttarakhand","2019","Winter","Submersible","11","38","23","72","8.5864233387541","1.3261970706411","1"
"Uttarakhand","2019","Winter","Surface Suction","19","36","60","115","5.9760612816655","6.1501363309546","1"
"Uttarakhand","2019","Winter","Floating","69","50","64","183","0.87189843585189","2.8324631858291","4"
"Uttarakhand","2020","Summer","Submersible","61","26","22","109","0.42327627964077","3.0202340133852","1"
"Uttarakhand","2020","Summer","Surface Suction","36","10","36","82","7.9358576293131","3.4963054308206","2"
"Uttarakhand","2020","Summer","Floating","64","26","22","112","10.682033801717","2.3096168971203","2"
"Uttarakhand","2020","Monsoon","Submersible","43","35","50","128","10.050592534033","2.6270667142672","1"
"Uttarakhand","2020","Monsoon","Surface Suction","68","34","57","159","1.1759203308927","5.3755984350198","3"
"Uttarakhand","2020","Monsoon","Floating","53","35","56","144","11.414874834666","5.6329150288448","2"
"Uttarakhand","2020","Winter","Submersible","29","18","42","89","6.6971390199796","3.7855985217156","4"
"Uttarakhand","2020","Winter","Surface Suction","32","52","46","130","1.7975656020128","1.7915789545229","1"
"Uttarakhand","2020","Winter","Floating","16","31","29","76","6.9116174669739","1.8903122693049","2"
"Uttarakhand","2021","Summer","Submersible","22","13","37","72","1.3957156800093","2.5352973162687","2"
"Uttarakhand","2021","Summer","Surface Suction","45","44","36","125","10.738025410408","4.3663170371433","3"
"Uttarakhand","2021","Summer","Floating","66","22","52","140","13.041197519892","1.8079549683067","1"
"Uttarakhand","2021","Monsoon","Submersible","38","46","23","107","3.2859596790494","5.5195572315749","4"
"Uttarakhand","2021","Monsoon","Surface Suction","12","29","29","70","0.37568652174364","6.8436124359292","1"
"Uttarakhand","2021","Monsoon","Floating","62","36","50","148","11.237013060906","2.586832945222","3"
"Uttarakhand","2021","Winter","Submersible","43","48","39","130","8.147096232589","5.1933165107024","2"
"Uttarakhand","2021","Winter","Surface Suction","30","28","23","81","5.4890410040962","6.2735993107138","1"
"Uttarakhand","2021","Winter","Floating","65","22","46","133","15.371503448188","4.549948393142","2"
"Uttarakhand","2022","Summer","Submersible","28","10","59","97","3.2930937651206","1.0335649352912","2"
"Uttarakhand","2022","Summer","Surface Suction","48","57","58","163","2.2858257167371","4.2000286893554","1"
"Uttarakhand","2022","Summer","Floating","41","13","20","74","11.662005692616","6.6152277517867","4"
"Uttarakhand","2022","Monsoon","Submersible","27","56","25","108","18.885140792913","4.1037206066076","3"
"Uttarakhand","2022","Monsoon","Surface Suction","63","52","64","179","17.370129413708","4.8365478410594","1"
"Uttarakhand","2022","Monsoon","Floating","25","44","36","105","14.133673914102","6.3581797485158","4"
"Uttarakhand","2022","Winter","Submersible","26","52","24","102","15.969890670531","6.7870573359499","2"
"Uttarakhand","2022","Winter","Surface Suction","57","28","27","112","17.379275456966","2.171639999483","4"
"Uttarakhand","2022","Winter","Floating","57","35","41","133","13.561207535753","2.7764925348127","1"
"Uttarakhand","2023","Summer","Submersible","58","29","47","134","14.243834565064","1.5681122483675","4"
"Uttarakhand","2023","Summer","Surface Suction","42","29","49","120","12.831405911302","5.9092720082228","1"
"Uttarakhand","2023","Summer","Floating","45","23","38","106","3.657875446584","3.8214939139599","4"
"Uttarakhand","2023","Monsoon","Submersible","41","56","30","127","9.5359044780077","1.7954930810871","4"
"Uttarakhand","2023","Monsoon","Surface Suction","26","26","47","99","7.2725549754231","3.2407853007563","4"
"Uttarakhand","2023","Monsoon","Floating","38","13","57","108","2.2957255732122","5.3558126759701","1"
"Uttarakhand","2023","Winter","Submersible","65","45","54","164","2.1066778848993","6.7929139420476","3"
"Uttarakhand","2023","Winter","Surface Suction","55","53","27","135","16.329077112011","2.3319702701139","1"
"Uttarakhand","2023","Winter","Floating","30","40","55","125","1.8484583381014","3.5811152006711","3"
"Uttarakhand","2024","Summer","Submersible","45","57","42","144","3.7697609987728","5.8357178102649","3"
"Uttarakhand","2024","Summer","Surface Suction","35","49","26","110","4.8668776698025","6.264875175453","3"
"Uttarakhand","2024","Summer","Floating","67","39","37","143","9.2361306803924","6.9945446067839","2"
"Uttarakhand","2024","Monsoon","Submersible","48","39","45","132","17.414526133044","4.8041823556302","2"
"Uttarakhand","2024","Monsoon","Surface Suction","27","22","44","93","1.9540642220215","4.69559204252","1"
"Uttarakhand","2024","Monsoon","Floating","47","24","34","105","10.534957048601","3.1682956693933","3"
"Uttarakhand","2024","Winter","Submersible","29","24","54","107","19.397826837635","6.5482539522734","4"
"Uttarakhand","2024","Winter","Surface Suction","40","57","51","148","19.082612061152","6.4140763385655","2"
"Uttarakhand","2024","Winter","Floating","22","33","59","114","11.286784463643","5.7574748452999","2"
"Uttarakhand","2025","Summer","Submersible","65","34","20","119","0.29660324863416","5.8546193009383","1"
"Uttarakhand","2025","Summer","Surface Suction","42","41","43","126","12.039755892944","5.7137065241119","1"
"Uttarakhand","2025","Summer","Floating","43","30","49","122","14.327381102281","3.7264585076888","1"
"Uttarakhand","2025","Monsoon","Submersible","46","49","63","158","16.512173450152","6.620643697138","1"
"Uttarakhand","2025","Monsoon","Surface Suction","42","24","36","102","2.7688526893108","1.7186015914653","1"
"Uttarakhand","2025","Monsoon","Floating","53","13","32","98","9.4260880351302","1.7132266335892","1"
"Uttarakhand","2025","Winter","Submersible","32","42","52","126","19.175092324298","3.6517846536806","2"
"Uttarakhand","2025","Winter","Surface Suction","43","36","40","119","7.0007780277191","3.6643869485232","1"
"Uttarakhand","2025","Winter","Floating","64","18","36","118","4.8160702430924","3.7631639868183","4"
"West Bengal","2015","Summer","Submersible","13","52","47","112","16.357532757762","5.1512862771025","3"
"West Bengal","2015","Summer","Surface Suction","19","46","32","97","1.9191150989318","3.4120508299052","3"
"West Bengal","2015","Summer","Floating","60","28","31","119","14.609962922018","2.3650897784479","4"
"West Bengal","2015","Monsoon","Submersible","39","55","31","125","17.131438047187","5.33118543937","1"
"West Bengal","2015","Monsoon","Surface Suction","57","27","63","147","2.2959193399633","1.2880138157808","3"
"West Bengal","2015","Monsoon","Floating","21","32","53","106","14.687672827099","5.117499615145","1"
"West Bengal","2015","Winter","Submersible","34","13","49","96","5.9204910304122","6.2253507428068","1"
"West Bengal","2015","Winter","Surface Suction","23","56","27","106","11.872264331388","4.1080140183795","1"
"West Bengal","2015","Winter","Floating","26","41","43","110","3.2525659263143","3.3282956203505","4"
"West Bengal","2016","Summer","Submersible","14","45","45","104","8.3214047110656","1.560591201055","2"
"West Bengal","2016","Summer","Surface Suction","35","31","31","97","2.5787461083963","2.4376589921692","1"
"West Bengal","2016","Summer","Floating","61","29","58","148","3.4677856168266","1.5903129550418","2"
"West Bengal","2016","Monsoon","Submersible","53","49","41","143","19.867455763203","1.7894242712736","4"
"West Bengal","2016","Monsoon","Surface Suction","55","44","53","152","16.898281700365","2.9754608725815","2"
"West Bengal","2016","Monsoon","Floating","61","38","51","150","7.2026337554775","1.2727877632296","1"
"West Bengal","2016","Winter","Submersible","46","36","42","124","11.782326876553","6.3887055016214","1"
"West Bengal","2016","Winter","Surface Suction","33","53","50","136","8.4431032985496","4.7120602544132","1"
"West Bengal","2016","Winter","Floating","19","58","21","98","17.464878914826","3.2372219840852","3"
"West Bengal","2017","Summer","Submersible","20","26","63","109","8.0267188619885","1.1699461452822","4"
"West Bengal","2017","Summer","Surface Suction","38","30","28","96","13.271138391171","1.9081657083517","3"
"West Bengal","2017","Summer","Floating","29","36","27","92","8.030325083692","3.5745867009135","3"
"West Bengal","2017","Monsoon","Submersible","15","12","24","51","8.2357547841551","1.1145956790503","3"
"West Bengal","2017","Monsoon","Surface Suction","14","20","34","68","19.200253145054","1.2267053308735","4"
"West Bengal","2017","Monsoon","Floating","16","49","25","90","17.473373113027","2.8439510859265","2"
"West Bengal","2017","Winter","Submersible","31","34","47","112","13.086126430681","1.4801954185956","1"
"West Bengal","2017","Winter","Surface Suction","10","24","45","79","10.573717073576","6.5678143707223","3"
"West Bengal","2017","Winter","Floating","51","43","24","118","15.83150192786","1.6917475593016","1"
"West Bengal","2018","Summer","Submersible","31","24","45","100","16.952227484313","2.2640823839654","3"
"West Bengal","2018","Summer","Surface Suction","18","32","62","112","18.199101265452","6.4935519130892","2"
"West Bengal","2018","Summer","Floating","49","27","35","111","17.098339171195","6.8454551531304","3"
"West Bengal","2018","Monsoon","Submersible","15","12","33","60","14.982311580517","4.3910395373436","3"
"West Bengal","2018","Monsoon","Surface Suction","31","12","50","93","19.15408214013","1.180968229041","4"
"West Bengal","2018","Monsoon","Floating","24","46","46","116","0.9764408385074","2.7548441993413","4"
"West Bengal","2018","Winter","Submersible","12","39","51","102","4.1768083284558","2.1807408015508","4"
"West Bengal","2018","Winter","Surface Suction","62","48","51","161","15.845799066618","1.1447966721553","2"
"West Bengal","2018","Winter","Floating","41","52","55","148","19.867722240573","5.0726901654211","2"
"West Bengal","2019","Summer","Submersible","62","56","59","177","6.5963161771272","4.9021933629727","2"
"West Bengal","2019","Summer","Surface Suction","61","18","30","109","8.0874939914164","2.3578257169074","3"
"West Bengal","2019","Summer","Floating","47","31","45","123","4.2482946504643","2.2499615063682","3"
"West Bengal","2019","Monsoon","Submersible","18","58","37","113","13.484628994971","3.4083826978762","4"
"West Bengal","2019","Monsoon","Surface Suction","47","16","52","115","19.449691245523","1.409595195133","2"
"West Bengal","2019","Monsoon","Floating","60","48","28","136","8.0862486243952","6.2519744958274","4"
"West Bengal","2019","Winter","Submersible","59","49","28","136","13.422249967489","1.1942522636464","1"
"West Bengal","2019","Winter","Surface Suction","16","26","43","85","1.4866174470716","2.7334858948229","3"
"West Bengal","2019","Winter","Floating","42","30","29","101","5.0510909481721","5.4727144810421","2"
"West Bengal","2020","Summer","Submersible","15","51","54","120","12.329587170825","2.1190660750244","1"
"West Bengal","2020","Summer","Surface Suction","20","19","36","75","14.854617275266","4.9563944794322","1"
"West Bengal","2020","Summer","Floating","27","27","20","74","2.2573883529364","3.5874747470817","3"
"West Bengal","2020","Monsoon","Submersible","69","43","55","167","16.993506148022","3.6256937724301","2"
"West Bengal","2020","Monsoon","Surface Suction","10","41","39","90","15.465524453336","6.5944329768797","2"
"West Bengal","2020","Monsoon","Floating","16","31","64","111","6.908404003536","5.5175803960292","2"
"West Bengal","2020","Winter","Submersible","23","55","30","108","9.077065113701","4.5698101440488","3"
"West Bengal","2020","Winter","Surface Suction","48","33","37","118","18.462877754337","2.616141509083","1"
"West Bengal","2020","Winter","Floating","28","33","53","114","12.63288978823","2.9065630409497","2"
"West Bengal","2021","Summer","Submersible","17","42","57","116","6.9534348293782","5.5771328673782","2"
"West Bengal","2021","Summer","Surface Suction","54","10","53","117","17.044730499518","4.6082057619404","2"
"West Bengal","2021","Summer","Floating","21","27","40","88","4.1816968431746","3.7189404658302","1"
"West Bengal","2021","Monsoon","Submersible","67","58","27","152","2.5880600119714","2.5099866102728","1"
"West Bengal","2021","Monsoon","Surface Suction","49","30","26","105","2.7605521787579","5.040349474695","3"
"West Bengal","2021","Monsoon","Floating","17","18","47","82","0.27319766870584","1.4658874921197","2"
"West Bengal","2021","Winter","Submersible","31","59","29","119","7.5363921229594","4.7690956270621","3"
"West Bengal","2021","Winter","Surface Suction","23","53","55","131","12.280623968973","6.1651301682607","1"
"West Bengal","2021","Winter","Floating","61","34","57","152","7.2458599663297","3.1903076652508","4"
"West Bengal","2022","Summer","Submersible","65","57","60","182","13.287508217031","5.0868261944343","3"
"West Bengal","2022","Summer","Surface Suction","35","10","27","72","11.072904359985","6.0799294810138","2"
"West Bengal","2022","Summer","Floating","60","46","22","128","14.282430548046","5.2171049403762","1"
"West Bengal","2022","Monsoon","Submersible","64","50","42","156","18.122235028933","2.1335504010347","2"
"West Bengal","2022","Monsoon","Surface Suction","58","31","32","121","6.2238488870875","3.6980791053109","4"
"West Bengal","2022","Monsoon","Floating","46","40","56","142","5.8567124492052","5.0770481364193","4"
"West Bengal","2022","Winter","Submersible","49","42","64","155","2.6090697435472","5.5761170227277","4"
"West Bengal","2022","Winter","Surface Suction","26","32","64","122","18.676360336146","6.3637135633153","3"
"West Bengal","2022","Winter","Floating","61","58","50","169","5.2953434748951","4.7280401285707","3"
"West Bengal","2023","Summer","Submersible","60","18","29","107","8.8574101221178","3.946845814808","3"
"West Bengal","2023","Summer","Surface Suction","35","10","49","94","6.5670414762144","1.4516334460216","1"
"West Bengal","2023","Summer","Floating","15","27","20","62","9.7050650918645","5.7086459269767","3"
"West Bengal","2023","Monsoon","Submersible","57","17","59","133","11.005910463663","2.6276115188991","4"
"West Bengal","2023","Monsoon","Surface Suction","38","34","55","127","6.4515678900667","1.4053172978652","3"
"West Bengal","2023","Monsoon","Floating","69","13","33","115","12.382942720984","4.1775292158297","2"
"West Bengal","2023","Winter","Submersible","17","45","29","91","18.719462164189","1.5703907395424","4"
"West Bengal","2023","Winter","Surface Suction","34","50","23","107","17.598108666156","4.0642797216702","1"
"West Bengal","2023","Winter","Floating","48","10","59","117","15.520443568805","4.9035099198767","1"
"West Bengal","2024","Summer","Submersible","48","30","64","142","0.15613388977781","5.1621028898272","2"
"West Bengal","2024","Summer","Surface Suction","39","55","23","117","10.67017172269","5.9407183225559","4"
"West Bengal","2024","Summer","Floating","26","24","29","79","8.7355576604252","5.4427187343015","1"
"West Bengal","2024","Monsoon","Submersible","21","10","20","51","3.3720732276508","5.7477864747037","1"
"West Bengal","2024","Monsoon","Surface Suction","17","31","41","89","3.352439415108","6.026544672102","3"
"West Bengal","2024","Monsoon","Floating","61","52","25","138","7.8150069541819","5.4448561883965","4"
"West Bengal","2024","Winter","Submersible","18","20","42","80","12.92861155984","2.295911654377","3"
"West Bengal","2024","Winter","Surface Suction","45","37","58","140","4.2779147274958","4.5873096181756","2"
"West Bengal","2024","Winter","Floating","66","39","54","159","17.758036766566","3.4251692776533","1"
"West Bengal","2025","Summer","Submersible","62","41","61","164","4.1965316618112","6.8912637781156","3"
"West Bengal","2025","Summer","Surface Suction","26","36","37","99","8.61841128702","6.726187693309","1"
"West Bengal","2025","Summer","Floating","33","36","49","118","6.8900371028492","4.7540030837896","3"
"West Bengal","2025","Monsoon","Submersible","53","43","46","142","10.102334369413","6.7521439234705","4"
"West Bengal","2025","Monsoon","Surface Suction","14","17","41","72","13.593502622813","3.1073177840054","2"
"West Bengal","2025","Monsoon","Floating","46","25","34","105","0.24776643807512","3.3963720882613","2"
"West Bengal","2025","Winter","Submersible","14","32","34","80","17.879753475145","6.7965823845275","1"
"West Bengal","2025","Winter","Surface Suction","11","31","27","69","12.829217046644","1.4094260986182","4"
"West Bengal","2025","Winter","Floating","39","28","42","109","18.241289057528","2.1677778832193","3"
"Delhi","2015","Summer","Submersible","42","56","37","135","1.8282875353938","2.0694065396159","3"
"Delhi","2015","Summer","Surface Suction","37","10","58","105","13.855630128567","2.200097567595","1"
"Delhi","2015","Summer","Floating","66","33","24","123","16.917338124097","6.6721982357763","3"
"Delhi","2015","Monsoon","Submersible","68","59","52","179","3.1183701932565","5.7396896186022","1"
"Delhi","2015","Monsoon","Surface Suction","21","18","30","69","17.098513130221","2.5160777664361","2"
"Delhi","2015","Monsoon","Floating","43","16","50","109","4.231456129786","5.866937569525","4"
"Delhi","2015","Winter","Submersible","19","50","27","96","15.665553625647","3.5901846738456","4"
"Delhi","2015","Winter","Surface Suction","69","29","28","126","12.173775210586","1.9159178800036","4"
"Delhi","2015","Winter","Floating","42","50","60","152","5.6310772545639","6.0453338602689","1"
"Delhi","2016","Summer","Submersible","14","44","40","98","11.358730537415","1.9919466038833","1"
"Delhi","2016","Summer","Surface Suction","40","35","54","129","13.865488548174","4.7494975731165","3"
"Delhi","2016","Summer","Floating","48","43","61","152","1.8307023496561","2.5585056166155","2"
"Delhi","2016","Monsoon","Submersible","33","58","47","138","15.114198449848","3.7080161964357","4"
"Delhi","2016","Monsoon","Surface Suction","57","17","20","94","13.654876792541","6.6443024778347","1"
"Delhi","2016","Monsoon","Floating","19","21","60","100","16.54961919514","3.160706292934","3"
"Delhi","2016","Winter","Submersible","49","26","24","99","10.710517653912","2.382531830886","1"
"Delhi","2016","Winter","Surface Suction","26","44","20","90","6.0770716173644","4.2431755065336","3"
"Delhi","2016","Winter","Floating","69","28","61","158","4.3451480098773","6.8264347517669","1"
"Delhi","2017","Summer","Submersible","61","21","38","120","17.602133344128","2.2837703850448","3"
"Delhi","2017","Summer","Surface Suction","21","27","62","110","17.06303619938","5.2900118133861","2"
"Delhi","2017","Summer","Floating","66","38","64","168","18.713767550953","4.9940424173757","4"
"Delhi","2017","Monsoon","Submersible","68","47","52","167","8.8464880673242","4.3385147866729","3"
"Delhi","2017","Monsoon","Surface Suction","67","20","43","130","19.719438879007","1.2943214355268","4"
"Delhi","2017","Monsoon","Floating","62","19","44","125","5.041973191246","6.7293382600555","3"
"Delhi","2017","Winter","Submersible","53","49","59","161","3.6299525654168","2.46671326154","2"
"Delhi","2017","Winter","Surface Suction","21","13","42","76","3.0734861242724","4.6977682763847","1"
"Delhi","2017","Winter","Floating","35","37","20","92","16.525384783493","1.2551478011146","4"
"Delhi","2018","Summer","Submersible","59","29","21","109","15.821442869562","3.8074937916733","4"
"Delhi","2018","Summer","Surface Suction","59","41","39","139","7.1659882703916","1.5150536657235","2"
"Delhi","2018","Summer","Floating","59","55","22","136","19.401290740403","6.5595992846294","3"
"Delhi","2018","Monsoon","Submersible","65","40","41","146","15.629202916613","3.5925022771124","2"
"Delhi","2018","Monsoon","Surface Suction","63","10","38","111","6.5341842996077","5.5401506396562","3"
"Delhi","2018","Monsoon","Floating","34","39","48","121","17.183447231399","5.066562966176","2"
"Delhi","2018","Winter","Submersible","13","10","60","83","8.6163478157425","1.3446111651697","4"
"Delhi","2018","Winter","Surface Suction","24","24","58","106","17.062227783141","2.3185018010013","4"
"Delhi","2018","Winter","Floating","29","25","22","76","4.2305725172683","3.3606129366212","3"
"Delhi","2019","Summer","Submersible","35","14","21","70","16.087928938304","2.2425089493263","2"
"Delhi","2019","Summer","Surface Suction","43","29","44","116","13.111879024897","4.2525790551899","4"
"Delhi","2019","Summer","Floating","56","53","62","171","16.134295360895","1.0992366957393","4"
"Delhi","2019","Monsoon","Submersible","14","11","35","60","19.649653021222","4.9924287558295","1"
"Delhi","2019","Monsoon","Surface Suction","47","54","61","162","6.4270461163045","6.9373888494268","1"
"Delhi","2019","Monsoon","Floating","68","48","30","146","8.6528496120807","3.8085043611259","2"
"Delhi","2019","Winter","Submersible","30","13","52","95","1.090793213503","6.0532604812616","3"
"Delhi","2019","Winter","Surface Suction","68","14","55","137","0.32339079909039","4.550012923561","3"
"Delhi","2019","Winter","Floating","64","39","40","143","12.321971242987","2.1341024040073","4"
"Delhi","2020","Summer","Submersible","14","50","64","128","1.0739437587875","2.8804333688473","1"
"Delhi","2020","Summer","Surface Suction","45","30","64","139","13.235303094548","5.3268151215943","3"
"Delhi","2020","Summer","Floating","29","29","64","122","1.573673138838","3.5569092907043","2"
"Delhi","2020","Monsoon","Submersible","69","41","25","135","5.134832026831","1.6053328126352","1"
"Delhi","2020","Monsoon","Surface Suction","14","34","32","80","12.858624163215","6.1667814582687","4"
"Delhi","2020","Monsoon","Floating","69","18","40","127","5.7881026140883","4.9745798405281","3"
"Delhi","2020","Winter","Submersible","35","51","30","116","11.624726897089","5.7105532235499","3"
"Delhi","2020","Winter","Surface Suction","39","28","53","120","7.6500346137147","3.4669657950781","1"
"Delhi","2020","Winter","Floating","12","12","47","71","13.337332722411","6.3992771234269","2"
"Delhi","2021","Summer","Submersible","14","58","34","106","2.6172705188676","4.9571819141799","3"
"Delhi","2021","Summer","Surface Suction","58","17","27","102","2.4350399529536","4.5668431294757","1"
"Delhi","2021","Summer","Floating","20","54","32","106","10.832830156661","3.3270705981151","1"
"Delhi","2021","Monsoon","Submersible","60","46","28","134","7.6262127990416","6.0517507265101","2"
"Delhi","2021","Monsoon","Surface Suction","12","41","24","77","4.1705508059838","5.5903805881934","4"
"Delhi","2021","Monsoon","Floating","22","52","48","122","17.629335297591","4.832194569299","1"
"Delhi","2021","Winter","Submersible","35","27","37","99","0.62914390492052","5.1728536251345","4"
"Delhi","2021","Winter","Surface Suction","25","42","22","89","9.415204433354","3.3305633273671","2"
"Delhi","2021","Winter","Floating","18","49","36","103","11.976680293012","6.6148058563277","2"
"Delhi","2022","Summer","Submersible","61","36","62","159","3.4836441330586","1.6029685554385","2"
"Delhi","2022","Summer","Surface Suction","34","19","48","101","10.440468353287","5.9584895730933","1"
"Delhi","2022","Summer","Floating","48","33","28","109","14.420420786055","4.8573040899475","1"
"Delhi","2022","Monsoon","Submersible","29","44","55","128","6.195449694481","2.441937284469","1"
"Delhi","2022","Monsoon","Surface Suction","31","10","24","65","11.502251338787","5.429151383947","4"
"Delhi","2022","Monsoon","Floating","51","52","51","154","1.2839097199563","4.2275381876073","4"
"Delhi","2022","Winter","Submersible","46","39","29","114","14.438191479846","5.8639946409011","3"
"Delhi","2022","Winter","Surface Suction","30","50","28","108","8.0805990065692","5.0701037767301","4"
"Delhi","2022","Winter","Floating","41","23","32","96","8.2208156114922","1.993720356461","2"
"Delhi","2023","Summer","Submersible","54","49","45","148","7.8920990332248","2.0790666810132","4"
"Delhi","2023","Summer","Surface Suction","62","42","50","154","16.997428571221","6.0696402521126","1"
"Delhi","2023","Summer","Floating","54","40","29","123","4.9468934228669","3.4080880254311","3"
"Delhi","2023","Monsoon","Submersible","55","48","27","130","8.7018185339905","4.2122857322924","2"
"Delhi","2023","Monsoon","Surface Suction","29","15","62","106","15.168919139997","2.9275310404835","1"
"Delhi","2023","Monsoon","Floating","40","43","57","140","7.600147284815","6.1798210890707","2"
"Delhi","2023","Winter","Submersible","21","44","25","90","3.0131947641534","6.2989940678537","1"
"Delhi","2023","Winter","Surface Suction","67","55","54","176","14.955532765442","3.3847235540022","1"
"Delhi","2023","Winter","Floating","15","56","36","107","18.427951760004","4.8377003945924","2"
"Delhi","2024","Summer","Submersible","36","55","34","125","8.5440605456367","4.5491727841322","4"
"Delhi","2024","Summer","Surface Suction","51","47","28","126","14.443111586333","4.6904400401111","2"
"Delhi","2024","Summer","Floating","54","29","27","110","18.718111706396","1.8217907428558","1"
"Delhi","2024","Monsoon","Submersible","25","20","61","106","15.090466148511","5.3297778160282","2"
"Delhi","2024","Monsoon","Surface Suction","44","52","22","118","15.945180512962","3.741882157768","2"
"Delhi","2024","Monsoon","Floating","15","56","33","104","12.808212736531","3.6196873732104","1"
"Delhi","2024","Winter","Submersible","51","26","48","125","14.875346947471","5.2712925113757","2"
"Delhi","2024","Winter","Surface Suction","21","34","60","115","3.4489826714614","1.1244480568372","1"
"Delhi","2024","Winter","Floating","66","40","22","128","14.687469573535","1.7250427080038","1"
"Delhi","2025","Summer","Submersible","69","19","21","109","4.3615356412231","3.348019376123","3"
"Delhi","2025","Summer","Surface Suction","41","32","53","126","19.275503644145","6.5850620180992","3"
"Delhi","2025","Summer","Floating","11","24","40","75","18.463520569127","5.4885361942188","4"
"Delhi","2025","Monsoon","Submersible","16","15","52","83","3.7312771926932","6.3682627325612","2"
"Delhi","2025","Monsoon","Surface Suction","39","17","59","115","15.000303584574","2.053693205987","1"
"Delhi","2025","Monsoon","Floating","24","40","44","108","2.741358850809","2.0392217845595","3"
"Delhi","2025","Winter","Submersible","14","14","55","83","16.740155916062","3.2398924381956","2"
"Delhi","2025","Winter","Surface Suction","38","17","53","108","6.5078084712248","1.904421958187","3"
"Delhi","2025","Winter","Floating","46","38","24","108","12.265666936838","5.5700494323651","4"
"Puducherry","2015","Summer","Submersible","28","21","20","69","6.1858612744606","1.9695250105484","3"
"Puducherry","2015","Summer","Surface Suction","16","26","22","64","3.5706580907943","3.2568838600629","3"
"Puducherry","2015","Summer","Floating","38","59","61","158","18.488601835685","5.5739125701639","1"
"Puducherry","2015","Monsoon","Submersible","65","35","40","140","2.7234828472314","2.5022383042419","1"
"Puducherry","2015","Monsoon","Surface Suction","10","24","36","70","0.72509790883055","6.9041089011782","3"
"Puducherry","2015","Monsoon","Floating","59","43","25","127","19.538628335946","1.974761283021","2"
"Puducherry","2015","Winter","Submersible","14","16","52","82","3.8893268931539","5.4999425928502","1"
"Puducherry","2015","Winter","Surface Suction","52","36","26","114","7.4966113917506","2.4652268391277","1"
"Puducherry","2015","Winter","Floating","49","26","64","139","14.884433456186","5.5904114462622","2"
"Puducherry","2016","Summer","Submersible","32","33","48","113","6.473255620716","3.8878622713498","2"
"Puducherry","2016","Summer","Surface Suction","62","49","64","175","11.849728092639","2.7867224393758","1"
"Puducherry","2016","Summer","Floating","46","12","55","113","3.5721581864731","6.8945426029607","4"
"Puducherry","2016","Monsoon","Submersible","58","15","29","102","2.9369633814685","4.3061881160809","1"
"Puducherry","2016","Monsoon","Surface Suction","55","29","63","147","18.665173351617","2.1741912358182","2"
"Puducherry","2016","Monsoon","Floating","31","59","25","115","12.009113745503","1.6024068602536","4"
"Puducherry","2016","Winter","Submersible","54","28","64","146","8.3504561221506","2.8035467366855","3"
"Puducherry","2016","Winter","Surface Suction","37","12","33","82","8.0119074821054","2.1540589388501","4"
"Puducherry","2016","Winter","Floating","19","58","34","111","17.837359675022","6.8270464308397","3"
"Puducherry","2017","Summer","Submersible","57","17","20","94","3.0770011073455","3.8709451593713","4"
"Puducherry","2017","Summer","Surface Suction","57","39","52","148","16.048365743574","5.0224173460982","1"
"Puducherry","2017","Summer","Floating","12","52","25","89","4.1577670820999","5.8019491564389","3"
"Puducherry","2017","Monsoon","Submersible","39","36","36","111","4.3496870772596","3.0054782449428","4"
"Puducherry","2017","Monsoon","Surface Suction","62","35","46","143","10.428440846966","5.6739310353977","1"
"Puducherry","2017","Monsoon","Floating","38","52","40","130","11.698722366781","4.9912246208864","2"
"Puducherry","2017","Winter","Submersible","36","18","52","106","3.4258110933535","6.7931057941175","3"
"Puducherry","2017","Winter","Surface Suction","40","10","39","89","13.326106462566","4.2790822522072","2"
"Puducherry","2017","Winter","Floating","25","13","27","65","16.075039486082","4.3178535161046","4"
"Puducherry","2018","Summer","Submersible","18","11","36","65","1.6790332299957","3.0373890733812","3"
"Puducherry","2018","Summer","Surface Suction","11","33","38","82","1.9977263599521","4.3700332425973","2"
"Puducherry","2018","Summer","Floating","64","37","57","158","9.7403078340055","3.5520075756427","4"
"Puducherry","2018","Monsoon","Submersible","59","10","22","91","17.745820035547","1.0657954963387","1"
"Puducherry","2018","Monsoon","Surface Suction","24","32","33","89","0.77944727936846","6.0867416221772","4"
"Puducherry","2018","Monsoon","Floating","48","14","44","106","11.488675145927","5.8787216357285","4"
"Puducherry","2018","Winter","Submersible","17","31","44","92","11.484572286553","2.7544174043602","4"
"Puducherry","2018","Winter","Surface Suction","19","18","45","82","9.9964451549718","3.325398029799","3"
"Puducherry","2018","Winter","Floating","52","47","25","124","10.129222375342","6.22534342016","2"
"Puducherry","2019","Summer","Submersible","14","23","21","58","4.9702741844302","4.679447234796","2"
"Puducherry","2019","Summer","Surface Suction","28","33","39","100","2.5060179281222","2.9499513715815","1"
"Puducherry","2019","Summer","Floating","34","55","50","139","11.066673448455","1.4432225074448","4"
"Puducherry","2019","Monsoon","Submersible","31","14","63","108","3.3976575032165","2.7117863253414","4"
"Puducherry","2019","Monsoon","Surface Suction","66","56","31","153","0.36697323347265","5.5340906622971","3"
"Puducherry","2019","Monsoon","Floating","53","50","53","156","4.3185120187792","6.3068278814532","3"
"Puducherry","2019","Winter","Submersible","22","45","25","92","16.988445389098","4.6950633665274","4"
"Puducherry","2019","Winter","Surface Suction","58","16","45","119","2.3988036771507","5.3553619635018","3"
"Puducherry","2019","Winter","Floating","61","47","60","168","9.048689902351","6.8592586380674","4"
"Puducherry","2020","Summer","Submersible","41","46","37","124","12.950155148025","1.8181939231074","3"
"Puducherry","2020","Summer","Surface Suction","39","12","58","109","4.7524243512084","4.0196226886035","2"
"Puducherry","2020","Summer","Floating","38","23","47","108","12.65864357088","5.320468964068","2"
"Puducherry","2020","Monsoon","Submersible","10","30","23","63","3.3681589802006","5.3671352083009","2"
"Puducherry","2020","Monsoon","Surface Suction","28","29","42","99","1.8652024036166","6.5253169469812","1"
"Puducherry","2020","Monsoon","Floating","24","47","42","113","18.897512838211","1.0367718838821","3"
"Puducherry","2020","Winter","Submersible","61","53","54","168","18.173855326058","4.1104452684075","2"
"Puducherry","2020","Winter","Surface Suction","23","44","52","119","7.6701804898548","6.6414051572373","4"
"Puducherry","2020","Winter","Floating","51","13","55","119","7.3291329267996","1.2592821973","3"
"Puducherry","2021","Summer","Submersible","25","59","22","106","18.953033061622","3.2120645430949","2"
"Puducherry","2021","Summer","Surface Suction","67","31","22","120","19.312514456752","1.9656220672145","4"
"Puducherry","2021","Summer","Floating","18","24","51","93","12.746096528566","5.4365074819952","1"
"Puducherry","2021","Monsoon","Submersible","53","30","60","143","12.774785125785","6.0822815132233","4"
"Puducherry","2021","Monsoon","Surface Suction","31","29","56","116","11.642427416397","6.2012414967951","3"
"Puducherry","2021","Monsoon","Floating","48","55","39","142","10.978773570373","1.0210651054639","4"
"Puducherry","2021","Winter","Submersible","27","43","42","112","5.0951759039969","2.829607826186","1"
"Puducherry","2021","Winter","Surface Suction","47","48","28","123","0.84723863905564","5.0436666944381","4"
"Puducherry","2021","Winter","Floating","46","27","52","125","10.944920842006","4.2597248542809","1"
"Puducherry","2022","Summer","Submersible","39","17","59","115","8.5200162100482","4.8683010268885","3"
"Puducherry","2022","Summer","Surface Suction","34","27","57","118","19.626565822769","4.1098906912151","2"
"Puducherry","2022","Summer","Floating","49","12","41","102","0.84537988471869","4.5205287801483","3"
"Puducherry","2022","Monsoon","Submersible","69","48","55","172","11.548188965876","3.5069311170227","2"
"Puducherry","2022","Monsoon","Surface Suction","22","45","43","110","19.478711482089","3.1698719665301","2"
"Puducherry","2022","Monsoon","Floating","24","24","25","73","11.20946964347","6.4881744611273","1"
"Puducherry","2022","Winter","Submersible","30","26","43","99","18.8887592471","1.6033417262383","1"
"Puducherry","2022","Winter","Surface Suction","40","56","53","149","5.4083682080449","5.1562441068606","4"
"Puducherry","2022","Winter","Floating","61","16","31","108","3.8255797579379","6.1378011621829","2"
"Puducherry","2023","Summer","Submersible","24","23","33","80","6.8587023167341","6.8131560128067","2"
"Puducherry","2023","Summer","Surface Suction","15","58","42","115","3.8515219469368","3.1365380425285","1"
"Puducherry","2023","Summer","Floating","36","44","64","144","2.5603541728333","5.5311236454896","1"
"Puducherry","2023","Monsoon","Submersible","49","57","43","149","1.0417837592452","3.1128309013615","2"
"Puducherry","2023","Monsoon","Surface Suction","11","29","34","74","7.4998428989318","4.3933617607482","1"
"Puducherry","2023","Monsoon","Floating","47","44","26","117","18.937920506841","1.192387128905","2"
"Puducherry","2023","Winter","Submersible","38","12","43","93","9.5855216058778","5.3722641105387","4"
"Puducherry","2023","Winter","Surface Suction","18","23","55","96","13.096226000607","5.1091268750735","3"
"Puducherry","2023","Winter","Floating","16","51","54","121","1.3283280896287","4.3109693453415","1"
"Puducherry","2024","Summer","Submersible","48","27","34","109","11.296983419991","5.2200457271136","3"
"Puducherry","2024","Summer","Surface Suction","30","35","27","92","12.269148532625","3.4717580793748","3"
"Puducherry","2024","Summer","Floating","42","13","25","80","7.067389190835","5.8516481914567","3"
"Puducherry","2024","Monsoon","Submersible","54","17","58","129","9.450612706218","3.0449006132201","4"
"Puducherry","2024","Monsoon","Surface Suction","36","24","53","113","18.886644714966","4.6644909697259","3"
"Puducherry","2024","Monsoon","Floating","57","58","43","158","5.2562854910588","1.2713777855213","1"
"Puducherry","2024","Winter","Submersible","26","40","57","123","4.8292845639843","1.3739063502951","2"
"Puducherry","2024","Winter","Surface Suction","15","15","34","64","2.8053442691834","4.2258907839261","4"
"Puducherry","2024","Winter","Floating","49","16","64","129","10.740181713651","6.4477763111263","2"
"Puducherry","2025","Summer","Submersible","37","51","32","120","11.235109050888","4.9621199712561","1"
"Puducherry","2025","Summer","Surface Suction","60","33","48","141","14.684366790577","5.5448939484407","3"
"Puducherry","2025","Summer","Floating","64","22","24","110","9.4108297209195","1.5592835553562","2"
"Puducherry","2025","Monsoon","Submersible","18","58","59","135","3.7429006292445","4.0250609220283","1"
"Puducherry","2025","Monsoon","Surface Suction","63","31","22","116","7.8868828646701","6.9189224075781","2"
"Puducherry","2025","Monsoon","Floating","52","20","28","100","7.3075474906987","3.3815576837429","1"
"Puducherry","2025","Winter","Submersible","15","10","44","69","6.3301409775005","6.7979109514426","1"
"Puducherry","2025","Winter","Surface Suction","12","12","56","80","7.1278700239658","4.4907131571672","4"
"Puducherry","2025","Winter","Floating","47","10","26","83","10.091539357856","6.4988100919963","4"
"Chandigarh","2015","Summer","Submersible","63","39","62","164","2.9660346961549","6.1320167818139","2"
"Chandigarh","2015","Summer","Surface Suction","36","34","28","98","3.7952711629202","6.5590037142653","2"
"Chandigarh","2015","Summer","Floating","59","43","60","162","13.301548799969","6.037776325414","1"
"Chandigarh","2015","Monsoon","Submersible","25","37","40","102","19.638355690028","5.7034990580752","2"
"Chandigarh","2015","Monsoon","Surface Suction","18","37","43","98","4.6815240796823","3.4711807923187","3"
"Chandigarh","2015","Monsoon","Floating","51","21","37","109","5.4093821123302","1.2798154027695","2"
"Chandigarh","2015","Winter","Submersible","51","11","49","111","0.49327376596022","5.051941160843","4"
"Chandigarh","2015","Winter","Surface Suction","33","58","36","127","13.872696814553","6.8506114066012","3"
"Chandigarh","2015","Winter","Floating","58","18","38","114","0.19941943113245","3.030782507451","2"
"Chandigarh","2016","Summer","Submersible","49","14","58","121","6.7215677548448","2.0186616385487","1"
"Chandigarh","2016","Summer","Surface Suction","63","36","26","125","14.576682942446","3.6481604721137","4"
"Chandigarh","2016","Summer","Floating","52","56","37","145","4.2294064009949","2.59447825712","4"
"Chandigarh","2016","Monsoon","Submersible","64","47","50","161","3.7282769433265","5.4806226677166","3"
"Chandigarh","2016","Monsoon","Surface Suction","60","17","53","130","14.337683511946","4.4871120563927","3"
"Chandigarh","2016","Monsoon","Floating","44","28","62","134","14.773053011763","6.7527198636424","2"
"Chandigarh","2016","Winter","Submersible","39","27","43","109","19.387433554597","1.8258339882482","3"
"Chandigarh","2016","Winter","Surface Suction","35","12","42","89","18.646113654898","4.6074163477534","4"
"Chandigarh","2016","Winter","Floating","22","38","57","117","15.430998705756","1.3879932631034","2"
"Chandigarh","2017","Summer","Submersible","29","14","39","82","11.150365293346","6.7413306557978","4"
"Chandigarh","2017","Summer","Surface Suction","22","33","34","89","5.8302771668871","2.4064344664496","2"
"Chandigarh","2017","Summer","Floating","60","49","22","131","10.985500162565","1.0080018369448","2"
"Chandigarh","2017","Monsoon","Submersible","50","17","35","102","6.2632228572436","4.4206197492838","1"
"Chandigarh","2017","Monsoon","Surface Suction","65","47","41","153","17.650986289287","2.4077336020377","2"
"Chandigarh","2017","Monsoon","Floating","55","13","23","91","3.5438762496808","3.7856224297838","2"
"Chandigarh","2017","Winter","Submersible","45","30","40","115","3.7311582439123","4.8180658919085","2"
"Chandigarh","2017","Winter","Surface Suction","35","11","28","74","9.5926391239905","6.3255339443132","4"
"Chandigarh","2017","Winter","Floating","57","51","60","168","13.475250984939","6.5662727853975","2"
"Chandigarh","2018","Summer","Submersible","45","51","54","150","11.42877302964","2.4730108661648","3"
"Chandigarh","2018","Summer","Surface Suction","59","49","41","149","9.1863701019726","5.0770439495703","3"
"Chandigarh","2018","Summer","Floating","49","51","36","136","3.6683259035155","6.3611800109088","1"
"Chandigarh","2018","Monsoon","Submersible","65","57","48","170","18.424962966554","2.8368919055114","2"
"Chandigarh","2018","Monsoon","Surface Suction","20","18","57","95","1.1068399710091","5.859229714248","4"
"Chandigarh","2018","Monsoon","Floating","67","49","22","138","11.099506697051","2.7716918228977","1"
"Chandigarh","2018","Winter","Submersible","25","45","37","107","13.339390590964","3.6823693332449","3"
"Chandigarh","2018","Winter","Surface Suction","68","26","50","144","2.6305044777142","5.0574351118007","1"
"Chandigarh","2018","Winter","Floating","16","27","30","73","5.9468749508009","2.5444673811802","1"
"Chandigarh","2019","Summer","Submersible","54","37","21","112","0.64324949954101","6.3750633428007","4"
"Chandigarh","2019","Summer","Surface Suction","57","47","59","163","12.564788680745","4.5309169822662","2"
"Chandigarh","2019","Summer","Floating","45","11","60","116","12.384158500596","3.7474564417883","3"
"Chandigarh","2019","Monsoon","Submersible","50","26","42","118","19.398511471319","4.8067188385336","1"
"Chandigarh","2019","Monsoon","Surface Suction","58","43","37","138","13.166580458463","1.476829995127","3"
"Chandigarh","2019","Monsoon","Floating","53","26","32","111","12.147127669555","2.1109902724972","3"
"Chandigarh","2019","Winter","Submersible","62","11","53","126","7.3197380200561","3.4271154805038","4"
"Chandigarh","2019","Winter","Surface Suction","42","21","64","127","14.479997482391","4.3059354669773","1"
"Chandigarh","2019","Winter","Floating","59","49","58","166","14.609334022887","3.4640574896962","3"
"Chandigarh","2020","Summer","Submersible","24","37","23","84","13.737551193004","3.7557613670774","4"
"Chandigarh","2020","Summer","Surface Suction","66","43","36","145","17.656235977347","2.1047801384871","1"
"Chandigarh","2020","Summer","Floating","69","30","45","144","4.2998444717678","1.2230517282979","1"
"Chandigarh","2020","Monsoon","Submersible","62","15","56","133","9.1887749323676","1.4659951706701","3"
"Chandigarh","2020","Monsoon","Surface Suction","14","35","60","109","15.093650417363","6.6008367516853","4"
"Chandigarh","2020","Monsoon","Floating","14","11","23","48","14.293537418508","3.3037607579043","2"
"Chandigarh","2020","Winter","Submersible","22","53","21","96","4.0995988640869","5.115469634321","2"
"Chandigarh","2020","Winter","Surface Suction","31","49","44","124","18.056540234536","2.6556648844759","1"
"Chandigarh","2020","Winter","Floating","31","55","52","138","7.7605523668303","3.9498805006688","2"
"Chandigarh","2021","Summer","Submersible","39","18","64","121","7.5634362890586","5.4864749255958","3"
"Chandigarh","2021","Summer","Surface Suction","66","15","51","132","15.172751678274","4.7553198659829","2"
"Chandigarh","2021","Summer","Floating","23","24","61","108","15.994812874257","4.8854952656259","3"
"Chandigarh","2021","Monsoon","Submersible","37","48","62","147","3.4394080368709","3.5240934222456","3"
"Chandigarh","2021","Monsoon","Surface Suction","15","20","51","86","10.515586136366","2.7522733485875","4"
"Chandigarh","2021","Monsoon","Floating","60","44","24","128","1.2940066100798","5.403220523277","1"
"Chandigarh","2021","Winter","Submersible","56","33","36","125","4.167704065129","3.6737241525996","4"
"Chandigarh","2021","Winter","Surface Suction","34","43","47","124","10.542478435554","3.7937915293548","3"
"Chandigarh","2021","Winter","Floating","69","34","58","161","7.7399811850862","4.0214906644868","1"
"Chandigarh","2022","Summer","Submersible","34","37","55","126","11.445355777289","2.1526458351965","2"
"Chandigarh","2022","Summer","Surface Suction","17","40","38","95","12.334246615343","1.5623491963583","4"
"Chandigarh","2022","Summer","Floating","10","53","49","112","10.62397588483","5.0966770011648","2"
"Chandigarh","2022","Monsoon","Submersible","28","18","26","72","8.8834516953562","4.9693874090404","1"
"Chandigarh","2022","Monsoon","Surface Suction","62","16","28","106","0.67642575143039","3.4259803560853","2"
"Chandigarh","2022","Monsoon","Floating","27","49","40","116","18.54665230348","5.216766158908","4"
"Chandigarh","2022","Winter","Submersible","64","50","59","173","0.64690575837795","4.8815700465895","2"
"Chandigarh","2022","Winter","Surface Suction","38","11","53","102","18.602811067752","5.1236596703226","3"
"Chandigarh","2022","Winter","Floating","53","47","37","137","17.092724136373","2.1659928596426","4"
"Chandigarh","2023","Summer","Submersible","30","32","49","111","10.17681696261","1.7451246589567","4"
"Chandigarh","2023","Summer","Surface Suction","28","50","45","123","19.47603706566","1.2347488289183","4"
"Chandigarh","2023","Summer","Floating","60","19","57","136","18.84858218691","5.0256334345762","3"
"Chandigarh","2023","Monsoon","Submersible","45","45","38","128","1.1927916925754","2.9063832797058","2"
"Chandigarh","2023","Monsoon","Surface Suction","22","34","55","111","2.6231244793052","6.8157679722945","1"
"Chandigarh","2023","Monsoon","Floating","48","39","24","111","17.296076174803","3.3425399571634","1"
"Chandigarh","2023","Winter","Submersible","31","48","25","104","17.476395525601","1.3160399909782","1"
"Chandigarh","2023","Winter","Surface Suction","66","39","62","167","14.345813629411","1.7877212264958","1"
"Chandigarh","2023","Winter","Floating","28","55","22","105","6.9615215580207","1.6692000421101","4"
"Chandigarh","2024","Summer","Submersible","27","42","34","103","17.936580896814","1.3159345567065","1"
"Chandigarh","2024","Summer","Surface Suction","41","54","38","133","1.817978029491","4.0886042444527","4"
"Chandigarh","2024","Summer","Floating","34","30","33","97","12.021535980128","4.3366932489233","3"
"Chandigarh","2024","Monsoon","Submersible","64","16","36","116","4.5353910670153","3.7352955305446","4"
"Chandigarh","2024","Monsoon","Surface Suction","47","20","63","130","2.9046573815269","1.1786847239255","3"
"Chandigarh","2024","Monsoon","Floating","60","20","35","115","10.756756462986","5.6843079742391","3"
"Chandigarh","2024","Winter","Submersible","49","12","21","82","19.373258262935","5.0328921215944","4"
"Chandigarh","2024","Winter","Surface Suction","38","56","53","147","15.478501136111","6.8309465480764","2"
"Chandigarh","2024","Winter","Floating","10","29","53","92","18.111521179931","1.9578572068911","3"
"Chandigarh","2025","Summer","Submersible","32","47","63","142","16.431831482352","6.835498195308","3"
"Chandigarh","2025","Summer","Surface Suction","32","10","60","102","2.1062511817962","5.1004967937623","3"
"Chandigarh","2025","Summer","Floating","13","38","29","80","18.784482723424","2.120193909263","4"
"Chandigarh","2025","Monsoon","Submersible","17","47","36","100","3.9789941934398","5.4610549128631","1"
"Chandigarh","2025","Monsoon","Surface Suction","40","30","22","92","4.936978105965","2.8554911057508","3"
"Chandigarh","2025","Monsoon","Floating","25","54","40","119","19.996334387254","4.200878489616","1"
"Chandigarh","2025","Winter","Submersible","29","49","40","118","0.35570282524967","1.2013550898835","1"
"Chandigarh","2025","Winter","Surface Suction","58","51","55","164","12.043086122529","3.7235977704579","4"
"Chandigarh","2025","Winter","Floating","35","33","43","111","0.96677808356186","6.2336511760192","4"
"Ladakh","2015","Summer","Submersible","63","18","22","103","0.43907003754041","6.6164410111767","3"
"Ladakh","2015","Summer","Surface Suction","33","13","39","85","11.546232663367","5.2301032744209","3"
"Ladakh","2015","Summer","Floating","35","38","24","97","13.480458932033","1.6265346769534","2"
"Ladakh","2015","Monsoon","Submersible","57","24","62","143","7.6267395383034","2.1116090541864","2"
"Ladakh","2015","Monsoon","Surface Suction","11","53","35","99","9.985313492975","5.0480850494711","4"
"Ladakh","2015","Monsoon","Floating","37","57","51","145","17.460342198822","2.7050680023416","4"
"Ladakh","2015","Winter","Submersible","18","33","55","106","11.138968372565","5.3401516703129","2"
"Ladakh","2015","Winter","Surface Suction","57","32","46","135","17.05669146371","2.3205702416456","2"
"Ladakh","2015","Winter","Floating","54","13","33","100","4.2115556405837","4.1111885999003","4"
"Ladakh","2016","Summer","Submersible","43","35","42","120","1.445483400824","5.4678447780712","1"
"Ladakh","2016","Summer","Surface Suction","23","16","26","65","18.000591410694","6.5563723871059","2"
"Ladakh","2016","Summer","Floating","53","31","45","129","7.4652346405854","6.3322965676765","1"
"Ladakh","2016","Monsoon","Submersible","60","35","21","116","18.824390574913","6.0971059971561","3"
"Ladakh","2016","Monsoon","Surface Suction","48","27","32","107","15.788767976309","2.0761201555873","4"
"Ladakh","2016","Monsoon","Floating","33","38","27","98","15.887046584954","3.9428704432484","4"
"Ladakh","2016","Winter","Submersible","58","56","33","147","12.629471342655","1.5139851642818","2"
"Ladakh","2016","Winter","Surface Suction","58","14","50","122","7.7832092537189","5.5352401560248","3"
"Ladakh","2016","Winter","Floating","14","37","52","103","8.6040539293594","4.4877578530339","4"
"Ladakh","2017","Summer","Submersible","11","24","42","77","19.584499445132","3.9656461684367","2"
"Ladakh","2017","Summer","Surface Suction","25","55","49","129","2.4410753416263","2.1360025209824","2"
"Ladakh","2017","Summer","Floating","17","27","46","90","1.6933962855058","3.7872307811465","4"
"Ladakh","2017","Monsoon","Submersible","62","57","64","183","4.3984909607875","6.6833621640803","2"
"Ladakh","2017","Monsoon","Surface Suction","41","40","56","137","16.153192031496","2.1291050150077","2"
"Ladakh","2017","Monsoon","Floating","66","33","44","143","6.3626506266698","6.7391664944681","3"
"Ladakh","2017","Winter","Submersible","26","55","61","142","3.7192644811626","6.457153356174","3"
"Ladakh","2017","Winter","Surface Suction","24","39","43","106","17.423406639219","2.6334852182228","1"
"Ladakh","2017","Winter","Floating","40","46","32","118","13.076093187687","1.5695920573937","2"
"Ladakh","2018","Summer","Submersible","47","53","32","132","14.601503332067","2.2775037136258","2"
"Ladakh","2018","Summer","Surface Suction","43","57","53","153","4.9779677038638","2.4072646044883","2"
"Ladakh","2018","Summer","Floating","51","40","20","111","1.9161071157377","3.9696552514118","3"
"Ladakh","2018","Monsoon","Submersible","42","32","60","134","2.8320515122598","3.2543635423746","2"
"Ladakh","2018","Monsoon","Surface Suction","15","40","24","79","9.767092405624","1.161087606494","4"
"Ladakh","2018","Monsoon","Floating","16","54","32","102","10.62293526742","6.36272456206","3"
"Ladakh","2018","Winter","Submersible","21","10","46","77","5.2638500836018","3.0286479475582","4"
"Ladakh","2018","Winter","Surface Suction","41","29","36","106","13.942796278916","6.9731213695863","2"
"Ladakh","2018","Winter","Floating","33","27","58","118","4.4505956499777","5.2547430448914","1"
"Ladakh","2019","Summer","Submersible","36","10","40","86","13.868516840325","2.5048247950054","4"
"Ladakh","2019","Summer","Surface Suction","34","29","21","84","2.5053518826493","4.6796396159592","1"
"Ladakh","2019","Summer","Floating","59","23","21","103","11.89711002926","6.1035068189335","4"
"Ladakh","2019","Monsoon","Submersible","63","24","31","118","15.963659791497","1.7632247160267","2"
"Ladakh","2019","Monsoon","Surface Suction","38","57","62","157","10.558183956631","2.6382329973175","4"
"Ladakh","2019","Monsoon","Floating","12","11","35","58","8.4831121823803","6.098518293606","3"
"Ladakh","2019","Winter","Submersible","63","37","23","123","9.7667628799064","4.9161342360456","3"
"Ladakh","2019","Winter","Surface Suction","41","39","55","135","4.9434948918904","6.8424892847078","4"
"Ladakh","2019","Winter","Floating","30","56","21","107","9.8091905031498","1.4447150463157","2"
"Ladakh","2020","Summer","Submersible","37","45","50","132","2.7376063938366","5.1256085735244","1"
"Ladakh","2020","Summer","Surface Suction","55","58","20","133","12.491172718348","6.7778556541869","1"
"Ladakh","2020","Summer","Floating","41","28","43","112","14.749789689198","1.7688102415031","3"
"Ladakh","2020","Monsoon","Submersible","24","26","51","101","0.51047689114226","5.3635879515565","1"
"Ladakh","2020","Monsoon","Surface Suction","67","49","40","156","2.7091722981847","5.9333439981807","3"
"Ladakh","2020","Monsoon","Floating","16","46","42","104","4.0148989833906","3.4691273166053","3"
"Ladakh","2020","Winter","Submersible","68","50","52","170","4.2120498526502","2.6973164324113","2"
"Ladakh","2020","Winter","Surface Suction","45","36","38","119","6.1936112870291","2.7827029487671","4"
"Ladakh","2020","Winter","Floating","19","49","32","100","10.008464872651","1.0856268073819","3"
"Ladakh","2021","Summer","Submersible","21","22","41","84","11.383495823928","4.1070483316412","2"
"Ladakh","2021","Summer","Surface Suction","47","52","64","163","1.3324417473492","4.0963049340508","2"
"Ladakh","2021","Summer","Floating","52","49","41","142","8.2590579220069","1.8366299628998","2"
"Ladakh","2021","Monsoon","Submersible","37","40","27","104","5.0701237785003","6.5138759530024","4"
"Ladakh","2021","Monsoon","Surface Suction","26","47","28","101","4.0925094511804","5.0970235961734","2"
"Ladakh","2021","Monsoon","Floating","38","58","46","142","14.484815736268","6.3724223473495","4"
"Ladakh","2021","Winter","Submersible","42","12","42","96","7.4324602071554","2.6381401105127","2"
"Ladakh","2021","Winter","Surface Suction","56","50","63","169","1.9540820738119","4.1259072550504","4"
"Ladakh","2021","Winter","Floating","38","38","45","121","7.5398647073327","6.5310729972867","4"
"Ladakh","2022","Summer","Submersible","28","49","21","98","4.6163557037556","6.0924179665238","2"
"Ladakh","2022","Summer","Surface Suction","54","58","54","166","10.493826828385","5.5504511805477","1"
"Ladakh","2022","Summer","Floating","62","30","50","142","3.4625087833031","1.2868663822149","1"
"Ladakh","2022","Monsoon","Submersible","24","59","29","112","8.3159087873914","6.788515196991","3"
"Ladakh","2022","Monsoon","Surface Suction","46","53","47","146","14.892628877081","1.1442313354352","3"
"Ladakh","2022","Monsoon","Floating","25","34","58","117","13.928844180751","2.8586773998868","2"
"Ladakh","2022","Winter","Submersible","60","49","62","171","12.393917108086","2.7155653579239","1"
"Ladakh","2022","Winter","Surface Suction","27","22","56","105","5.5767516715522","1.5609541695039","1"
"Ladakh","2022","Winter","Floating","39","14","37","90","18.352663818434","1.4686581325069","4"
"Ladakh","2023","Summer","Submersible","59","16","35","110","19.953924373224","5.520328689519","4"
"Ladakh","2023","Summer","Surface Suction","42","38","27","107","14.145414518889","1.4785805527064","1"
"Ladakh","2023","Summer","Floating","50","30","44","124","7.014370189085","2.6403035086827","1"
"Ladakh","2023","Monsoon","Submersible","29","34","45","108","0.69963747032307","5.6153872212486","1"
"Ladakh","2023","Monsoon","Surface Suction","19","13","34","66","18.614224446651","5.5733953722652","1"
"Ladakh","2023","Monsoon","Floating","27","37","54","118","10.904714366511","5.5921119635179","4"
"Ladakh","2023","Winter","Submersible","27","50","45","122","7.8973304628858","4.6503053008992","1"
"Ladakh","2023","Winter","Surface Suction","52","23","50","125","2.264412998669","6.0563147412368","4"
"Ladakh","2023","Winter","Floating","17","41","50","108","19.198731435978","3.2745203382931","3"
"Ladakh","2024","Summer","Submersible","16","56","27","99","2.3859916120362","1.6168513704151","3"
"Ladakh","2024","Summer","Surface Suction","62","37","57","156","3.7869544725972","3.1674567642461","3"
"Ladakh","2024","Summer","Floating","12","13","24","49","11.063669845155","2.2690057634787","4"
"Ladakh","2024","Monsoon","Submersible","21","12","46","79","11.969235164961","2.210028609205","1"
"Ladakh","2024","Monsoon","Surface Suction","23","32","50","105","14.492216482862","5.7996888897543","2"
"Ladakh","2024","Monsoon","Floating","30","54","61","145","5.0868017515521","5.6351585389756","2"
"Ladakh","2024","Winter","Submersible","56","18","42","116","18.885323193111","1.1158265003072","4"
"Ladakh","2024","Winter","Surface Suction","35","39","53","127","16.388761635865","2.6555353184086","1"
"Ladakh","2024","Winter","Floating","28","47","47","122","9.8781198781871","4.0805376018908","2"
"Ladakh","2025","Summer","Submersible","58","39","22","119","12.113065436432","3.9366951921132","1"
"Ladakh","2025","Summer","Surface Suction","66","28","61","155","3.8154830403344","2.925836156653","1"
"Ladakh","2025","Summer","Floating","47","18","24","89","8.1801547347255","4.1438452161143","1"
"Ladakh","2025","Monsoon","Submersible","42","34","61","137","3.0561161863657","4.7611217275212","3"
"Ladakh","2025","Monsoon","Surface Suction","18","12","34","64","18.679907333533","1.6624863680467","1"
"Ladakh","2025","Monsoon","Floating","32","46","27","105","5.3070234335078","2.98207055059","1"
"Ladakh","2025","Winter","Submersible","42","16","41","99","16.944189751468","3.9516422956561","2"
"Ladakh","2025","Winter","Surface Suction","34","26","26","86","15.409787170026","6.7957012306754","1"
"Ladakh","2025","Winter","Floating","28","16","59","103","17.93162671928","2.7994782908624","3"
"Jammu & Kashmir","2015","Summer","Submersible","50","10","51","111","10.911486934909","2.0790888904552","2"
"Jammu & Kashmir","2015","Summer","Surface Suction","24","30","43","97","2.9218139954617","4.7944053708112","4"
"Jammu & Kashmir","2015","Summer","Floating","18","44","39","101","6.5195808753762","4.3778890270916","4"
"Jammu & Kashmir","2015","Monsoon","Submersible","10","33","43","86","19.443130190695","2.2885563997748","2"
"Jammu & Kashmir","2015","Monsoon","Surface Suction","53","47","48","148","11.500509125233","1.6551339784211","2"
"Jammu & Kashmir","2015","Monsoon","Floating","42","14","47","103","16.184761433494","4.3102285155714","3"
"Jammu & Kashmir","2015","Winter","Submersible","57","49","63","169","9.6809175192076","4.1515680803076","1"
"Jammu & Kashmir","2015","Winter","Surface Suction","17","10","28","55","17.900655032103","5.1962731943993","4"
"Jammu & Kashmir","2015","Winter","Floating","11","13","31","55","6.0695739602764","5.6979078974562","2"
"Jammu & Kashmir","2016","Summer","Submersible","32","14","22","68","12.828943255094","2.1157125880048","1"
"Jammu & Kashmir","2016","Summer","Surface Suction","69","52","47","168","8.4404713193937","1.6361631397323","2"
"Jammu & Kashmir","2016","Summer","Floating","26","31","38","95","14.994855128456","1.4285366265469","3"
"Jammu & Kashmir","2016","Monsoon","Submersible","47","11","52","110","13.249937463686","3.2273658865446","1"
"Jammu & Kashmir","2016","Monsoon","Surface Suction","56","56","55","167","13.475012925177","5.3754130568102","2"
"Jammu & Kashmir","2016","Monsoon","Floating","34","26","34","94","13.137864693094","2.6799252967246","1"
"Jammu & Kashmir","2016","Winter","Submersible","31","26","33","90","8.670862056076","3.8030448001147","2"
"Jammu & Kashmir","2016","Winter","Surface Suction","54","39","41","134","6.3056102620785","1.3633135374476","2"
"Jammu & Kashmir","2016","Winter","Floating","33","45","54","132","6.9885022538758","5.2311338735041","2"
"Jammu & Kashmir","2017","Summer","Submersible","46","36","60","142","10.226490873223","4.8180887516023","3"
"Jammu & Kashmir","2017","Summer","Surface Suction","52","24","45","121","9.3087794120065","6.5591906445946","3"
"Jammu & Kashmir","2017","Summer","Floating","66","33","28","127","15.392323547095","2.9207502975683","1"
"Jammu & Kashmir","2017","Monsoon","Submersible","28","24","53","105","17.214571187762","1.0924897506904","3"
"Jammu & Kashmir","2017","Monsoon","Surface Suction","61","30","53","144","13.656552891371","6.3844418151542","2"
"Jammu & Kashmir","2017","Monsoon","Floating","60","10","62","132","0.27163175797539","3.0944952295914","4"
"Jammu & Kashmir","2017","Winter","Submersible","14","21","55","90","18.367366295002","5.6665495253979","1"
"Jammu & Kashmir","2017","Winter","Surface Suction","53","35","34","122","2.8159982441938","4.1242226922377","1"
"Jammu & Kashmir","2017","Winter","Floating","65","16","23","104","6.3037458030793","6.2511232807524","2"
"Jammu & Kashmir","2018","Summer","Submersible","19","39","58","116","8.6676169622988","3.7534991457924","3"
"Jammu & Kashmir","2018","Summer","Surface Suction","45","54","39","138","12.546489390463","3.5203760174767","1"
"Jammu & Kashmir","2018","Summer","Floating","35","35","55","125","16.266866580902","1.5925178120901","3"
"Jammu & Kashmir","2018","Monsoon","Submersible","21","42","55","118","15.288002227786","5.3439723048684","1"
"Jammu & Kashmir","2018","Monsoon","Surface Suction","33","24","50","107","17.766516294052","5.6001869430009","3"
"Jammu & Kashmir","2018","Monsoon","Floating","35","23","31","89","5.1314645198009","2.598758929879","3"
"Jammu & Kashmir","2018","Winter","Submersible","22","27","62","111","0.92559758978495","6.2875190916674","3"
"Jammu & Kashmir","2018","Winter","Surface Suction","55","56","62","173","2.7399365723793","4.3908758233417","4"
"Jammu & Kashmir","2018","Winter","Floating","34","20","36","90","8.2141879180668","6.0297471631247","3"
"Jammu & Kashmir","2019","Summer","Submersible","44","23","58","125","10.788687109759","4.1064439426268","2"
"Jammu & Kashmir","2019","Summer","Surface Suction","58","50","41","149","1.9533263625225","1.6093396205751","1"
"Jammu & Kashmir","2019","Summer","Floating","40","36","56","132","17.894282095112","6.5716379774621","3"
"Jammu & Kashmir","2019","Monsoon","Submersible","51","45","29","125","16.752739773657","6.2986857224459","3"
"Jammu & Kashmir","2019","Monsoon","Surface Suction","16","13","34","63","18.952129908098","6.2936173871175","1"
"Jammu & Kashmir","2019","Monsoon","Floating","44","17","26","87","8.8130721509821","5.0583819189624","2"
"Jammu & Kashmir","2019","Winter","Submersible","16","19","44","79","8.5083098854503","6.3433068926168","2"
"Jammu & Kashmir","2019","Winter","Surface Suction","34","38","31","103","16.342545643403","6.4959520081725","4"
"Jammu & Kashmir","2019","Winter","Floating","15","19","21","55","16.637317401464","1.5732136561699","4"
"Jammu & Kashmir","2020","Summer","Submersible","32","57","30","119","10.816245649649","5.3128856001654","3"
"Jammu & Kashmir","2020","Summer","Surface Suction","32","52","26","110","1.2156233725881","6.3896782452628","4"
"Jammu & Kashmir","2020","Summer","Floating","35","31","32","98","3.4366911383383","3.1488811984102","1"
"Jammu & Kashmir","2020","Monsoon","Submersible","61","23","62","146","15.958627350226","4.4138202025674","4"
"Jammu & Kashmir","2020","Monsoon","Surface Suction","61","48","20","129","2.7893092733036","4.4219945572075","2"
"Jammu & Kashmir","2020","Monsoon","Floating","33","24","36","93","19.559522387059","5.2231161107971","3"
"Jammu & Kashmir","2020","Winter","Submersible","44","32","58","134","7.4834218718316","2.0956083884937","4"
"Jammu & Kashmir","2020","Winter","Surface Suction","60","57","29","146","10.672712624741","5.1744714901402","2"
"Jammu & Kashmir","2020","Winter","Floating","67","36","41","144","8.6240077288934","3.6038550947218","1"
"Jammu & Kashmir","2021","Summer","Submersible","54","25","27","106","16.101910052482","4.8203250708184","3"
"Jammu & Kashmir","2021","Summer","Surface Suction","42","40","31","113","16.377099215261","4.3826698059048","2"
"Jammu & Kashmir","2021","Summer","Floating","39","41","59","139","0.39378623951502","5.1422654297885","3"
"Jammu & Kashmir","2021","Monsoon","Submersible","45","35","29","109","1.5966213312575","1.8900350843183","2"
"Jammu & Kashmir","2021","Monsoon","Surface Suction","62","43","48","153","11.647411263167","6.9214219986115","2"
"Jammu & Kashmir","2021","Monsoon","Floating","26","57","32","115","7.4317168182507","2.7811122056799","3"
"Jammu & Kashmir","2021","Winter","Submersible","67","36","40","143","14.809293018895","3.6452865857115","1"
"Jammu & Kashmir","2021","Winter","Surface Suction","24","12","25","61","15.708421852957","3.7494810516058","4"
"Jammu & Kashmir","2021","Winter","Floating","47","17","45","109","17.968910682884","2.1427009336451","3"
"Jammu & Kashmir","2022","Summer","Submersible","57","28","52","137","13.543199158446","4.5221552916026","2"
"Jammu & Kashmir","2022","Summer","Surface Suction","43","45","55","143","13.926919121906","5.6275186742773","3"
"Jammu & Kashmir","2022","Summer","Floating","31","41","62","134","1.1128154537548","5.8059152109084","3"
"Jammu & Kashmir","2022","Monsoon","Submersible","14","59","31","104","8.8742171043797","1.1322352220058","3"
"Jammu & Kashmir","2022","Monsoon","Surface Suction","18","52","55","125","18.887041669435","2.0386901555731","3"
"Jammu & Kashmir","2022","Monsoon","Floating","41","44","50","135","19.241507560744","5.6778061368009","2"
"Jammu & Kashmir","2022","Winter","Submersible","46","41","62","149","15.210040088345","4.139068059037","2"
"Jammu & Kashmir","2022","Winter","Surface Suction","67","41","64","172","16.877699313313","5.0380546057783","4"
"Jammu & Kashmir","2022","Winter","Floating","46","18","57","121","18.713102588191","4.516722092833","3"
"Jammu & Kashmir","2023","Summer","Submersible","14","56","61","131","16.590463310015","6.0191211666855","3"
"Jammu & Kashmir","2023","Summer","Surface Suction","18","58","49","125","7.3203077518375","2.8244217086815","3"
"Jammu & Kashmir","2023","Summer","Floating","29","41","26","96","0.21015996199176","5.5700577126775","1"
"Jammu & Kashmir","2023","Monsoon","Submersible","44","53","43","140","12.112496052923","6.9011231261518","3"
"Jammu & Kashmir","2023","Monsoon","Surface Suction","13","21","36","70","8.5963539628276","1.3784510460578","2"
"Jammu & Kashmir","2023","Monsoon","Floating","53","20","62","135","0.81001372963839","4.6760111784369","4"
"Jammu & Kashmir","2023","Winter","Submersible","55","25","31","111","2.2011640087524","4.6591932874066","1"
"Jammu & Kashmir","2023","Winter","Surface Suction","25","57","60","142","1.6560854942909","5.966318486746","3"
"Jammu & Kashmir","2023","Winter","Floating","19","16","28","63","2.6693800893932","2.7247426810245","2"
"Jammu & Kashmir","2024","Summer","Submersible","55","35","40","130","3.6646143748431","1.0531976688017","1"
"Jammu & Kashmir","2024","Summer","Surface Suction","60","47","31","138","3.6886701119361","3.9529930351312","2"
"Jammu & Kashmir","2024","Summer","Floating","63","48","31","142","6.9491550115719","4.7708070987208","1"
"Jammu & Kashmir","2024","Monsoon","Submersible","59","52","38","149","8.8420749241556","4.9313949074581","1"
"Jammu & Kashmir","2024","Monsoon","Surface Suction","13","59","32","104","4.9733756699514","6.0183463617178","2"
"Jammu & Kashmir","2024","Monsoon","Floating","63","46","22","131","17.881092254043","3.979742884379","3"
"Jammu & Kashmir","2024","Winter","Submersible","28","55","34","117","17.7345276629","2.0168002533306","2"
"Jammu & Kashmir","2024","Winter","Surface Suction","36","32","50","118","10.640269573267","3.4656509993239","1"
"Jammu & Kashmir","2024","Winter","Floating","18","29","37","84","15.40060937403","6.814077781018","2"
"Jammu & Kashmir","2025","Summer","Submersible","18","16","49","83","0.80233156577031","6.912624306218","1"
"Jammu & Kashmir","2025","Summer","Surface Suction","14","38","56","108","11.7019979709","2.2892270430948","1"
"Jammu & Kashmir","2025","Summer","Floating","28","44","43","115","1.7335712230166","6.1735097698149","2"
"Jammu & Kashmir","2025","Monsoon","Submersible","12","43","64","119","18.2963195153","6.8402751746507","3"
"Jammu & Kashmir","2025","Monsoon","Surface Suction","69","41","40","150","1.6103311718302","4.3707871159728","2"
"Jammu & Kashmir","2025","Monsoon","Floating","56","32","54","142","19.730935306136","6.4707783925503","1"
"Jammu & Kashmir","2025","Winter","Submersible","42","34","56","132","6.5661742071582","6.2202879796384","4"
"Jammu & Kashmir","2025","Winter","Surface Suction","47","49","53","149","1.4379883731499","5.294042661132","1"
"Jammu & Kashmir","2025","Winter","Floating","34","35","38","107","8.9058954475042","3.0760144778337","4"
"Andaman & Nicobar Islands","2015","Summer","Submersible","16","27","40","83","0.99534393177151","4.1446692473617","1"
"Andaman & Nicobar Islands","2015","Summer","Surface Suction","62","17","20","99","17.705656581938","3.1695415985219","3"
"Andaman & Nicobar Islands","2015","Summer","Floating","26","20","60","106","16.859124564702","2.0817727641807","2"
"Andaman & Nicobar Islands","2015","Monsoon","Submersible","59","11","23","93","3.4021376402415","3.96946962866","3"
"Andaman & Nicobar Islands","2015","Monsoon","Surface Suction","49","14","40","103","15.71253608576","6.6514632691089","3"
"Andaman & Nicobar Islands","2015","Monsoon","Floating","53","31","60","144","9.9205978850709","3.0864386937756","1"
"Andaman & Nicobar Islands","2015","Winter","Submersible","12","22","47","81","16.5271842035","3.7128343307347","4"
"Andaman & Nicobar Islands","2015","Winter","Surface Suction","30","16","36","82","1.1995854438303","3.9277458387445","1"
"Andaman & Nicobar Islands","2015","Winter","Floating","20","22","20","62","12.230631892295","2.4367886772068","1"
"Andaman & Nicobar Islands","2016","Summer","Submersible","39","50","64","153","6.5812563380182","4.5891632711074","2"
"Andaman & Nicobar Islands","2016","Summer","Surface Suction","57","15","53","125","7.0727572628022","4.1492633080335","2"
"Andaman & Nicobar Islands","2016","Summer","Floating","68","15","27","110","13.083366239839","2.8464970996469","1"
"Andaman & Nicobar Islands","2016","Monsoon","Submersible","43","54","28","125","17.015607652614","2.5420373933346","2"
"Andaman & Nicobar Islands","2016","Monsoon","Surface Suction","53","57","42","152","13.189803421753","1.2496194001319","1"
"Andaman & Nicobar Islands","2016","Monsoon","Floating","65","51","50","166","9.3657713534574","5.9660268134152","2"
"Andaman & Nicobar Islands","2016","Winter","Submersible","65","43","37","145","19.700676900119","6.3357127724456","4"
"Andaman & Nicobar Islands","2016","Winter","Surface Suction","34","15","20","69","3.676914537786","6.648467088511","4"
"Andaman & Nicobar Islands","2016","Winter","Floating","38","47","47","132","8.6635409795177","1.8601009243223","3"
"Andaman & Nicobar Islands","2017","Summer","Submersible","41","42","32","115","2.6117271512262","2.0774873710548","2"
"Andaman & Nicobar Islands","2017","Summer","Surface Suction","23","20","58","101","8.3788168416026","5.6760175919169","1"
"Andaman & Nicobar Islands","2017","Summer","Floating","60","41","33","134","3.6153983860181","4.5459201098088","2"
"Andaman & Nicobar Islands","2017","Monsoon","Submersible","66","13","30","109","19.895073761239","5.9148318265098","4"
"Andaman & Nicobar Islands","2017","Monsoon","Surface Suction","20","44","34","98","16.700599225337","6.6158445082643","1"
"Andaman & Nicobar Islands","2017","Monsoon","Floating","10","38","43","91","19.81834949589","1.935557513043","4"
"Andaman & Nicobar Islands","2017","Winter","Submersible","66","25","28","119","5.4347703296896","5.6076253097081","4"
"Andaman & Nicobar Islands","2017","Winter","Surface Suction","57","32","25","114","19.284403996761","4.4732382614331","4"
"Andaman & Nicobar Islands","2017","Winter","Floating","49","51","30","130","13.543801879536","5.1868281909665","4"
"Andaman & Nicobar Islands","2018","Summer","Submersible","61","54","46","161","19.538550284676","1.3999107827682","4"
"Andaman & Nicobar Islands","2018","Summer","Surface Suction","38","44","48","130","7.3866033763929","6.3324147363198","1"
"Andaman & Nicobar Islands","2018","Summer","Floating","11","42","27","80","6.6552743067136","2.6600196530745","4"
"Andaman & Nicobar Islands","2018","Monsoon","Submersible","62","58","60","180","17.585452823658","5.6752188205906","3"
"Andaman & Nicobar Islands","2018","Monsoon","Surface Suction","33","22","40","95","12.052658425713","2.1072103044199","3"
"Andaman & Nicobar Islands","2018","Monsoon","Floating","32","59","62","153","4.9030605910306","5.5110022663579","1"
"Andaman & Nicobar Islands","2018","Winter","Submersible","67","43","41","151","15.739801667697","3.0055802486753","1"
"Andaman & Nicobar Islands","2018","Winter","Surface Suction","16","35","32","83","16.447270276249","4.2776746287417","4"
"Andaman & Nicobar Islands","2018","Winter","Floating","25","56","28","109","7.4222332755318","5.1849942162226","4"
"Andaman & Nicobar Islands","2019","Summer","Submersible","54","46","33","133","13.561450246438","5.1072665981879","4"
"Andaman & Nicobar Islands","2019","Summer","Surface Suction","24","53","45","122","6.0468752367802","6.9198323188818","4"
"Andaman & Nicobar Islands","2019","Summer","Floating","54","15","61","130","10.769519533254","1.8753354788997","4"
"Andaman & Nicobar Islands","2019","Monsoon","Submersible","45","15","38","98","7.803919344998","3.9912692699878","4"
"Andaman & Nicobar Islands","2019","Monsoon","Surface Suction","69","13","20","102","1.6256104664139","6.2822177575547","1"
"Andaman & Nicobar Islands","2019","Monsoon","Floating","67","56","21","144","15.594230503608","1.7010084184641","3"
"Andaman & Nicobar Islands","2019","Winter","Submersible","35","20","61","116","14.334272192039","1.6613974523274","2"
"Andaman & Nicobar Islands","2019","Winter","Surface Suction","23","16","42","81","6.9089277161103","5.5676285777522","3"
"Andaman & Nicobar Islands","2019","Winter","Floating","65","11","58","134","16.588004403979","2.144753592855","3"
"Andaman & Nicobar Islands","2020","Summer","Submersible","21","12","24","57","6.0500792070282","1.7906253315822","3"
"Andaman & Nicobar Islands","2020","Summer","Surface Suction","16","59","51","126","3.4586302927889","4.4373196070794","3"
"Andaman & Nicobar Islands","2020","Summer","Floating","23","18","57","98","7.0503692201091","5.0115305113497","1"
"Andaman & Nicobar Islands","2020","Monsoon","Submersible","29","58","30","117","5.3780860912296","1.3361747994935","2"
"Andaman & Nicobar Islands","2020","Monsoon","Surface Suction","52","54","30","136","10.656497226252","4.7489388525606","4"
"Andaman & Nicobar Islands","2020","Monsoon","Floating","55","57","36","148","17.890424870999","2.1399790552137","3"
"Andaman & Nicobar Islands","2020","Winter","Submersible","14","38","53","105","5.0222457363801","6.4931003723002","1"
"Andaman & Nicobar Islands","2020","Winter","Surface Suction","61","55","44","160","10.406926737431","6.5843547672724","2"
"Andaman & Nicobar Islands","2020","Winter","Floating","59","43","51","153","19.283525222623","4.4397199456425","1"
"Andaman & Nicobar Islands","2021","Summer","Submersible","48","16","24","88","1.2395007197904","6.3284822935528","2"
"Andaman & Nicobar Islands","2021","Summer","Surface Suction","47","55","37","139","17.821012338611","4.5620504463874","1"
"Andaman & Nicobar Islands","2021","Summer","Floating","19","51","23","93","2.2679665468982","3.6023623758761","1"
"Andaman & Nicobar Islands","2021","Monsoon","Submersible","64","28","59","151","11.869720107933","3.4590765922615","4"
"Andaman & Nicobar Islands","2021","Monsoon","Surface Suction","26","49","63","138","6.0279675483436","1.9555701660466","4"
"Andaman & Nicobar Islands","2021","Monsoon","Floating","25","35","56","116","0.50050203127733","4.4238650952703","1"
"Andaman & Nicobar Islands","2021","Winter","Submersible","63","36","41","140","18.524549004117","3.1189264136952","1"
"Andaman & Nicobar Islands","2021","Winter","Surface Suction","23","57","50","130","3.9864771790115","1.39153113475","3"
"Andaman & Nicobar Islands","2021","Winter","Floating","46","23","28","97","9.4415566936003","4.0852430468637","2"
"Andaman & Nicobar Islands","2022","Summer","Submersible","34","55","47","136","13.180682661666","5.4159789299831","4"
"Andaman & Nicobar Islands","2022","Summer","Surface Suction","13","22","37","72","19.37936260644","4.7538497692151","1"
"Andaman & Nicobar Islands","2022","Summer","Floating","33","17","54","104","7.7109600268081","6.6577327284137","1"
"Andaman & Nicobar Islands","2022","Monsoon","Submersible","19","26","62","107","18.521626935738","3.73361522501","1"
"Andaman & Nicobar Islands","2022","Monsoon","Surface Suction","69","32","49","150","4.213758340606","6.0216330688597","3"
"Andaman & Nicobar Islands","2022","Monsoon","Floating","18","16","35","69","8.1279970570899","5.3833604853848","1"
"Andaman & Nicobar Islands","2022","Winter","Submersible","14","15","20","49","15.587581566066","4.4005873831143","4"
"Andaman & Nicobar Islands","2022","Winter","Surface Suction","22","42","29","93","12.36577642382","1.7862233521933","2"
"Andaman & Nicobar Islands","2022","Winter","Floating","25","33","33","91","2.5450295956791","1.3699972438444","4"
"Andaman & Nicobar Islands","2023","Summer","Submersible","49","22","58","129","18.115903354693","2.7615138305457","2"
"Andaman & Nicobar Islands","2023","Summer","Surface Suction","60","37","23","120","6.7049567140066","1.007919213906","4"
"Andaman & Nicobar Islands","2023","Summer","Floating","62","58","55","175","4.2294456261176","3.8932976353623","4"
"Andaman & Nicobar Islands","2023","Monsoon","Submersible","35","31","28","94","16.075098951384","3.7120497279225","2"
"Andaman & Nicobar Islands","2023","Monsoon","Surface Suction","62","16","55","133","14.031986997992","3.607614212308","3"
"Andaman & Nicobar Islands","2023","Monsoon","Floating","40","12","21","73","6.7717194388315","2.3450336604814","1"
"Andaman & Nicobar Islands","2023","Winter","Submersible","57","16","24","97","15.963416052357","5.7196783673074","1"
"Andaman & Nicobar Islands","2023","Winter","Surface Suction","25","46","22","93","11.877087294116","3.3964018106698","3"
"Andaman & Nicobar Islands","2023","Winter","Floating","66","59","40","165","3.9227869946774","3.8099458442113","2"
"Andaman & Nicobar Islands","2024","Summer","Submersible","14","26","56","96","13.669054868421","4.5276023982056","3"
"Andaman & Nicobar Islands","2024","Summer","Surface Suction","26","44","59","129","11.509505557727","1.7394080080588","1"
"Andaman & Nicobar Islands","2024","Summer","Floating","19","27","54","100","0.85674642377997","5.0547457817679","3"
"Andaman & Nicobar Islands","2024","Monsoon","Submersible","39","28","42","109","3.8846585939116","3.4933571927399","1"
"Andaman & Nicobar Islands","2024","Monsoon","Surface Suction","37","48","52","137","3.9868106852515","5.9343465576777","4"
"Andaman & Nicobar Islands","2024","Monsoon","Floating","19","21","52","92","16.376657984282","2.201596928308","4"
"Andaman & Nicobar Islands","2024","Winter","Submersible","13","18","34","65","8.3967756471015","6.3382823207464","4"
"Andaman & Nicobar Islands","2024","Winter","Surface Suction","16","41","31","88","18.932774544299","6.5232113874378","1"
"Andaman & Nicobar Islands","2024","Winter","Floating","23","22","63","108","15.81496237155","1.4528674865442","4"
"Andaman & Nicobar Islands","2025","Summer","Submersible","21","19","21","61","3.2025648036928","1.0463816040421","2"
"Andaman & Nicobar Islands","2025","Summer","Surface Suction","21","38","41","100","1.5382127747067","2.2305625223417","4"
"Andaman & Nicobar Islands","2025","Summer","Floating","43","43","52","138","10.131076317628","1.1959302075652","4"
"Andaman & Nicobar Islands","2025","Monsoon","Submersible","55","29","45","129","10.877968414263","5.43730689241","1"
"Andaman & Nicobar Islands","2025","Monsoon","Surface Suction","32","43","39","114","2.3664814600628","5.6846394093231","4"
"Andaman & Nicobar Islands","2025","Monsoon","Floating","29","22","63","114","14.773241071237","6.4437373687154","1"
"Andaman & Nicobar Islands","2025","Winter","Submersible","16","17","42","75","10.230167295313","2.594070793017","2"
"Andaman & Nicobar Islands","2025","Winter","Surface Suction","19","31","49","99","2.5518247857475","3.5962294877593","2"
"Andaman & Nicobar Islands","2025","Winter","Floating","38","34","33","105","7.7206209805244","6.5594735028588","3"
